date,pm10,o3,no2,rain,temp
2013/12/31,27,17,7,13.4,25.8
2014/1/1,29,17,7,0,26.7
2014/1/2,29,12,10,0,27.4
2014/1/3,20,13,8,0,27.1
2014/1/4,17,8,6,0,27.1
2014/1/5,14,5,10,18.4,24.8
2014/1/6,26,13,9,31.2,25.3
2014/1/7,27,15,7,0,26.7
2014/1/8,17,6,8,0,27.1
2014/1/9,17,16,11,2,25.9
2014/1/10,17,14,6,0,26.8
2014/1/11,15,9,8,5.6,26.6
2014/1/12,20,16,7,18.2,26.2
2014/1/13,28,15,8,0,26.9
2014/1/14,29,20,8,0,26.5
2014/1/15,33,24,9,0,26
2014/1/16,30,22,8,0,26.2
2014/1/17,24,16,8,0,26
2014/1/18,23,18,6,0,26.1
2014/1/19,25,17,8,0,26
2014/1/20,25,19,9,0,25.7
2014/1/21,30,20,10,0,25.6
2014/1/22,34,28,9,0,25.5
2014/1/23,40,22,9,0,25.9
2014/1/24,38,24,6,0,25.8
2014/1/25,36,30,8,0,25.8
2014/1/26,32,20,6,0,25.6
2014/1/27,28,19,5,0,25.9
2014/1/28,24,18,5,0,26.5
2014/1/29,20,21,5,0,26.5
2014/1/30,21,22,4,0,25.8
2014/1/31,21,22,7,0,26.3
2014/2/1,19,21,9,0,25.9
2014/2/2,19,28,6,0,25.5
2014/2/3,22,45,7,0,26.1
2014/2/4,29,26,7,0,26.5
2014/2/5,24,19,8,0,26.2
2014/2/6,20,22,8,0,26.4
2014/2/7,29,27,9,0,26.5
2014/2/8,30,33,9,0.2,26.9
2014/2/9,29,32,9,0,27.5
2014/2/10,26,21,7,0,27.7
2014/2/11,24,17,6,0,27.6
2014/2/12,29,15,6,0,27.6
2014/2/13,29,18,6,0,27.9
2014/2/14,29,20,5,0,27.6
2014/2/15,32,22,5,0,27.8
2014/2/16,30,18,5,0,27.8
2014/2/17,32,18,6,0,27.8
2014/2/18,31,18,6,0,27.7
2014/2/19,23,17,5,0,27.6
2014/2/20,26,13,5,0,27.7
2014/2/21,28,19,5,0,27.7
2014/2/22,29,23,6,0,28
2014/2/23,30,26,6,0,27.4
2014/2/24,31,21,9,0,27.2
2014/2/25,31,20,6,0,27
2014/2/26,28,17,5,0,27.3
2014/2/27,29,18,5,0,27.8
2014/2/28,30,18,6,0,27.6
2014/3/1,27,26,5,0,27.7
2014/3/2,25,27,7,0,28
2014/3/3,35,30,8,0,27.6
2014/3/4,31,23,7,0,27.8
2014/3/5,27,22,6,0,27.6
2014/3/6,33,25,7,0,27.5
2014/3/7,41,28,7,0,27.6
2014/3/8,40,27,6,0,27.9
2014/3/9,36,24,6,0,27.6
2014/3/10,41,24,8,0,27.8
2014/3/11,59,23,6,0,28.2
2014/3/12,49,30,6,0,28.3
2014/3/13,54,24,6,0,28.3
2014/3/14,40,12,6,0,28.6
2014/3/15,24,6,7,0,28.6
2014/3/16,14,5,8,52.6,26
2014/3/17,18,10,9,5.4,26.3
2014/3/18,23,14,10,0.4,27.5
2014/3/19,29,12,15,0,27.5
2014/3/20,27,29,18,2,27.6
2014/3/21,32,32,14,5.2,27.7
2014/3/22,30,26,9,0,27.5
2014/3/23,25,23,8,0,27.9
2014/3/24,29,22,12,0,28.1
2014/3/25,30,21,11,0,28.5
2014/3/26,28,21,10,0,28.7
2014/3/27,39,21,12,0,29.1
2014/3/28,23,14,14,0,28.6
2014/3/29,25,27,16,0.4,28.6
2014/3/30,21,19,12,0,28.4
2014/3/31,24,27,15,0,28.8
2014/4/1,24,27,15,2,28.4
2014/4/2,20,16,10,0,28.8
2014/4/3,22,26,19,0,29.3
2014/4/4,28,9,17,0,28.6
2014/4/5,20,23,11,23.4,26.4
2014/4/6,19,27,12,0.2,28
2014/4/7,22,22,16,10,28.6
2014/4/8,26,32,19,6.6,27.6
2014/4/9,25,16,15,1.8,27.6
2014/4/10,25,28,21,0,28
2014/4/11,26,16,18,2.8,27.5
2014/4/12,24,37,13,8,26.8
2014/4/13,25,15,12,0,28.5
2014/4/14,29,17,22,0,28.4
2014/4/15,35,17,15,0,28.5
2014/4/16,33,19,22,0.2,28.7
2014/4/17,40,13,33,28.8,28.4
2014/4/18,24,16,20,0,28.2
2014/4/19,33,25,12,0,28.9
2014/4/20,20,7,37,0.2,28.2
2014/4/21,27,4,27,5.2,26.6
2014/4/22,28,9,32,0,27.9
2014/4/23,30,7,34,0,28.6
2014/4/24,21,15,21,2.2,28.7
2014/4/25,34,20,35,0,28.8
2014/4/26,35,11,24,0,29.1
2014/4/27,26,17,28,0.2,28.7
2014/4/28,30,15,22,0.2,28.6
2014/4/29,31,10,28,4.8,28.3
2014/4/30,35,8,23,13.4,28.2
2014/5/1,20,14,30,0.4,28.4
2014/5/2,20,13,21,0,29.4
2014/5/3,18,7,22,0,29.6
2014/5/4,23,23,8,1.4,29.5
2014/5/5,23,5,21,0,29.4
2014/5/6,20,11,22,0.2,29.8
2014/5/7,19,15,25,18.4,28
2014/5/8,32,17,33,10.6,27.4
2014/5/9,21,15,14,1.4,29
2014/5/10,21,24,18,0,29.9
2014/5/11,24,9,20,0,29
2014/5/12,26,38,18,0.4,28.2
2014/5/13,29,18,20,0,29.2
2014/5/14,21,22,16,1.6,28.4
2014/5/15,17,14,18,12.2,29.5
2014/5/16,19,16,22,20.2,28.6
2014/5/17,15,8,21,0,28.6
2014/5/18,17,6,18,22.2,26.7
2014/5/19,15,15,23,7.2,27.2
2014/5/20,25,22,30,3.4,27.5
2014/5/21,32,13,27,0,27.7
2014/5/22,17,9,19,2,28.7
2014/5/23,23,18,18,3,27.1
2014/5/24,17,14,20,0,28.4
2014/5/25,12,9,18,0,29.3
2014/5/26,24,10,27,0,28.8
2014/5/27,19,16,18,0.8,28
2014/5/28,20,11,29,2.6,28.8
2014/5/29,28,15,17,17.8,28.5
2014/5/30,21,10,14,0,27.9
2014/5/31,13,10,9,0,29
2014/6/1,15,10,14,18,28.1
2014/6/2,19,12,9,0,28.7
2014/6/3,19,6,12,0,29.4
2014/6/4,18,6,14,6.6,27.7
2014/6/5,16,6,11,8.8,27
2014/6/6,21,13,18,4.2,27.4
2014/6/7,16,15,6,0,29
2014/6/8,15,18,9,0,29.7
2014/6/9,21,14,11,0,29.4
2014/6/10,21,14,10,1.6,29.2
2014/6/11,19,14,9,0,29.9
2014/6/12,21,19,11,4.4,29.2
2014/6/13,19,8,12,0,29.7
2014/6/14,15,18,9,18.8,27.6
2014/6/15,18,16,8,0,29.4
2014/6/16,17,16,8,0,30.1
2014/6/17,18,17,10,0,30.3
2014/6/18,19,13,12,2.4,28.9
2014/6/19,18,17,8,3.2,29
2014/6/20,19,22,9,0,30.4
2014/6/21,26,28,10,0,30.6
2014/6/22,28,22,12,0,29.8
2014/6/23,31,20,14,0,29.7
2014/6/24,23,27,8,1,29.3
2014/6/25,15,17,7,0,28.6
2014/6/26,19,14,9,0,29.4
2014/6/27,21,22,12,0,28
2014/6/28,21,23,10,0,28.8
2014/6/29,21,11,11,0,29.2
2014/6/30,18,15,10,2.4,27.6
2014/7/1,22,14,12,0,28.2
2014/7/2,25,14,10,0,28.7
2014/7/3,25,9,11,0.2,28.6
2014/7/4,26,8,11,19.4,28.1
2014/7/5,21,11,10,0.8,27.9
2014/7/6,17,12,10,2.2,28.7
2014/7/7,18,18,10,3.6,28.5
2014/7/8,19,9,10,12.6,28
2014/7/9,16,14,9,12.6,27.3
2014/7/10,20,9,9,0.2,28.7
2014/7/11,21,12,11,26.8,28
2014/7/12,19,19,7,0,27.7
2014/7/13,17,18,7,0,29
2014/7/14,26,15,6,0,29.8
2014/7/15,26,20,7,0,29.6
2014/7/16,27,10,11,0,29.4
2014/7/17,23,16,9,7.8,28.1
2014/7/18,22,14,7,0,29.1
2014/7/19,19,18,8,0.6,28.8
2014/7/20,17,14,7,0,29.3
2014/7/21,19,15,5,0,29.5
2014/7/22,22,17,7,0,29.6
2014/7/23,26,19,6,0,29.8
2014/7/24,30,20,7,0,29.6
2014/7/25,30,18,5,0,29.7
2014/7/26,25,18,7,0,29.9
2014/7/27,21,18,7,27.8,28.2
2014/7/28,20,10,9,0,29
2014/7/29,22,6,14,29,27.6
2014/7/30,20,6,10,4,27.8
2014/7/31,13,10,9,1,27.6
2014/8/1,18,12,9,0,28.7
2014/8/2,23,19,8,11.8,28.6
2014/8/3,22,15,10,0,28.6
2014/8/4,21,10,8,1.2,28.5
2014/8/5,16,8,11,7.4,26.5
2014/8/6,15,9,10,0.4,27.7
2014/8/7,15,6,11,9.2,27.5
2014/8/8,16,18,5,2,27.6
2014/8/9,10,15,6,0,28.6
2014/8/10,10,9,8,0,28.2
2014/8/11,15,8,10,0,28.1
2014/8/12,18,5,14,1.4,26.7
2014/8/13,19,6,12,2.4,26.2
2014/8/14,17,6,15,41.2,26.8
2014/8/15,28,17,15,0.6,26.6
2014/8/16,28,9,12,0,28.1
2014/8/17,21,21,7,0,28.4
2014/8/18,24,21,9,10.4,28.4
2014/8/19,24,20,13,0,28.2
2014/8/20,26,20,13,12,27.5
2014/8/21,26,19,11,1.6,28
2014/8/22,17,14,9,0,28.7
2014/8/23,21,9,13,0.8,28.7
2014/8/24,24,8,14,0,27.4
2014/8/25,30,12,16,7.2,26.6
2014/8/26,24,13,17,44.2,26.8
2014/8/27,20,6,15,8.4,26.9
2014/8/28,19,17,11,38.8,26.6
2014/8/29,23,18,11,39.4,26.8
2014/8/30,21,16,8,0,27.4
2014/8/31,24,28,8,0.6,28
2014/9/1,29,27,9,0,29.1
2014/9/2,34,16,12,0,28.7
2014/9/3,35,29,14,9.2,26.9
2014/9/4,35,26,12,0,28
2014/9/5,24,16,7,0,28.3
2014/9/6,17,27,9,0,27.7
2014/9/7,28,27,11,0.8,27.9
2014/9/8,32,23,12,0,28.9
2014/9/9,32,26,18,1,28.2
2014/9/10,33,24,18,3.2,28.7
2014/9/11,38,24,23,1.4,27.4
2014/9/12,37,22,19,0,28.4
2014/9/13,36,28,16,0,28.9
2014/9/14,41,21,21,0,29
2014/9/15,40,31,15,0,29.2
2014/9/16,33,32,14,0,29.2
2014/9/17,52,36,16,0,28.9
2014/9/18,58,28,18,0,29.2
2014/9/19,38,17,17,0,29.5
2014/9/20,23,30,16,31.6,28.1
2014/9/21,50,30,17,3.6,27.7
2014/9/22,34,31,14,0,29
2014/9/23,37,27,14,0,29.2
2014/9/24,27,20,18,9.4,28.7
2014/9/25,27,42,22,23.4,26.4
2014/9/26,33,33,18,0,28.3
2014/9/27,35,43,11,0,28.7
2014/9/28,38,38,14,0,28.9
2014/9/29,39,37,15,0,28.9
2014/9/30,42,30,18,0,29.1
2014/10/1,37,33,16,0,29.1
2014/10/2,39,40,15,0,28.9
2014/10/3,36,22,18,0,28.9
2014/10/4,23,23,9,6.6,27.5
2014/10/5,26,41,13,0,27.2
2014/10/6,58,33,14,0,28.7
2014/10/7,45,30,14,0,29
2014/10/8,42,30,13,0,29.3
2014/10/9,31,35,12,0,29.2
2014/10/10,40,36,17,0,29.5
2014/10/11,55,37,21,0,28.8
2014/10/12,39,40,23,0,28.4
2014/10/13,37,28,26,0,29.1
2014/10/14,39,30,25,0,28.5
2014/10/15,34,21,18,0,29
2014/10/16,28,16,18,32.6,27.5
2014/10/17,33,16,22,2.4,28.4
2014/10/18,47,36,17,2.8,27.4
2014/10/19,46,30,19,0,27.6
2014/10/20,37,16,23,0,28.8
2014/10/21,32,12,24,4.6,27.2
2014/10/22,37,21,32,6,26
2014/10/23,40,35,22,0,28.2
2014/10/24,34,31,20,0,28.7
2014/10/25,27,22,12,0,29.2
2014/10/26,22,10,16,0,29.4
2014/10/27,26,8,21,32.8,27.5
2014/10/28,37,11,21,3.2,28
2014/10/29,33,6,27,0,29
2014/10/30,34,27,25,11.6,28.5
2014/10/31,33,27,25,17.4,27.7
2014/11/1,37,42,16,4.4,28.3
2014/11/2,54,33,19,0,29.3
2014/11/3,44,36,18,0,29.6
2014/11/4,35,36,18,0,29.7
2014/11/5,33,26,23,20.6,27.7
2014/11/6,24,21,25,12.4,26.1
2014/11/7,23,24,21,10.4,26.5
2014/11/8,16,19,16,50.4,27.2
2014/11/9,25,21,23,4.4,27.3
2014/11/10,24,18,25,1.4,27.1
2014/11/11,36,23,30,5,26.7
2014/11/12,28,30,20,0.4,27.2
2014/11/13,20,30,15,64.4,27
2014/11/14,16,24,19,0.2,27.8
2014/11/15,15,16,15,13.6,27.1
2014/11/16,17,20,18,8,26.4
2014/11/17,16,6,18,0.2,26.5
2014/11/18,17,27,14,7.6,25.6
2014/11/19,15,16,18,0,27.6
2014/11/20,18,16,20,0,27.8
2014/11/21,17,19,17,0.2,27.4
2014/11/22,18,18,14,1.6,27.9
2014/11/23,17,16,19,3.2,27.9
2014/11/24,17,18,17,1.6,27.7
2014/11/25,18,18,18,0.2,28
2014/11/26,18,18,17,39.4,27.3
2014/11/27,20,17,16,0,27.7
2014/11/28,14,13,15,0.6,28
2014/11/29,16,23,15,0.6,26.6
2014/11/30,19,12,20,0,27.9
2014/12/1,20,16,22,26.4,26.4
2014/12/2,24,29,19,0,28
2014/12/3,22,17,19,0,28.6
2014/12/4,26,42,21,18.8,25.9
2014/12/5,25,20,17,0,28
2014/12/6,17,23,14,27.4,26.8
2014/12/7,14,18,15,35.2,26.8
2014/12/8,17,21,15,0,27
2014/12/9,23,22,14,0,28
2014/12/10,23,23,16,0,28.4
2014/12/11,21,24,17,0,28.2
2014/12/12,18,23,18,0,28.4
2014/12/13,19,22,15,0,28.6
2014/12/14,15,16,11,0,28.9
2014/12/15,13,14,14,0,27.9
2014/12/16,14,13,17,5,26.8
2014/12/17,15,16,14,17.6,26.4
2014/12/18,13,18,15,0,27.8
2014/12/19,13,20,15,15.6,25.2
2014/12/20,11,21,12,0.4,26.9
2014/12/21,11,17,13,0.4,27.2
2014/12/22,14,11,14,0.6,26.8
2014/12/23,15,14,15,0.2,26.4
2014/12/24,14,19,15,0.6,26.9
2014/12/25,18,15,19,36.4,27.3
2014/12/26,16,19,20,48.2,25.4
2014/12/27,13,19,10,9.6,26
2014/12/28,25.32964864,18.30911962,14.14071661,1.2,26.2
2014/12/29,25.32964864,18.30911962,14.14071661,2,25.8
2014/12/30,25.32964864,18.30911962,14.14071661,0,25.5
2014/12/31,23,34,16,0,26.3
2015/1/1,25,26,14,0.6,25.8
2015/1/2,30,25,8,0,26.8
2015/1/3,20,27,7,0,27.1
2015/1/4,14,25,11,0,27.7
2015/1/5,18,20,11,0,27.8
2015/1/6,14,16,14,21.8,26.6
2015/1/7,11,13,14,22.4,26.2
2015/1/8,11,13,10,0.8,25.8
2015/1/9,11,22,13,0.4,25
2015/1/10,16,19,8,33.6,25.9
2015/1/11,16,20,10,0,26.7
2015/1/12,20,23,11,0,27.3
2015/1/13,18,24,10,0,27.4
2015/1/14,19,24,9,0,27.6
2015/1/15,20,24,8,0,27.2
2015/1/16,22,30,6,0,26.9
2015/1/17,21,23,4,0,26.8
2015/1/18,27,28,9,0,26.7
2015/1/19,30,27,7,0,27
2015/1/20,34,21,11,0,27
2015/1/21,34,30,8,0,26.9
2015/1/22,34,25,10,0,27.2
2015/1/23,31,29,7,0,26.8
2015/1/24,40,43,5,0,27
2015/1/25,39,29,8,0,27.1
2015/1/26,32,24,9,0,27
2015/1/27,25,20,11,0,27.3
2015/1/28,21,10,17,0,27.4
2015/1/29,15,18,15,0,26.5
2015/1/30,19,20,14,0,26.9
2015/1/31,20,24,12,0,27.3
2015/2/1,22,18,12,0,26.5
2015/2/2,23,19,6,3.4,25.9
2015/2/3,16,17,12,0.2,25.8
2015/2/4,21,20,11,0.2,25.8
2015/2/5,20,20,14,0,26.9
2015/2/6,23,29,13,10.8,26.2
2015/2/7,28,31,10,0.2,26.7
2015/2/8,28,30,9,0,26.7
2015/2/9,25.32964864,18.30911962,14.14071661,0,26.9
2015/2/10,25.32964864,18.30911962,14.14071661,0,26.7
2015/2/11,25.32964864,18.30911962,14.14071661,0,26.6
2015/2/12,25.32964864,18.30911962,14.14071661,0,26.3
2015/2/13,25.32964864,18.30911962,14.14071661,0,26.6
2015/2/14,29,36,11,0,26.8
2015/2/15,27,30,11,0,27.1
2015/2/16,28,23,11,0,27.4
2015/2/17,22,16,9,0,27.4
2015/2/18,18,21,7,0,27.8
2015/2/19,16,24,6,4,26.5
2015/2/20,20,25,8,0,27.5
2015/2/21,18,25,8,0,27.3
2015/2/22,17,23,13,0,27.3
2015/2/23,21,18,11,0,28
2015/2/24,20,23,13,0,27.4
2015/2/25,22,21,11,0,27.6
2015/2/26,22,23,11,0,27.4
2015/2/27,21,20,10,0,27.9
2015/2/28,18,17,11,0,28.3
2015/3/1,18,16,14,0,28.4
2015/3/2,20,18,14,0,28.3
2015/3/3,25,26,19,0,28.4
2015/3/4,27,27,16,14,27.6
2015/3/5,30,28,18,0,27.8
2015/3/6,27,22,12,0,27.9
2015/3/7,19,23,12,0,28.3
2015/3/8,13,14,15,0,28.3
2015/3/9,18,16,15,0,28.6
2015/3/10,20,10,16,0,28.4
2015/3/11,19,16,16,46,25.5
2015/3/12,25,26,15,0,27.3
2015/3/13,22,26,13,0,27.7
2015/3/14,20,22,10,0,28
2015/3/15,20,26,17,0,27.9
2015/3/16,24,28,12,0,28.4
2015/3/17,24,34,10,0,28.3
2015/3/18,26,30,14,0,28.3
2015/3/19,34,49,18,0,28.3
2015/3/20,40,42,14,0,28.5
2015/3/21,38,34,20,0,28.7
2015/3/22,31,24,22,6.4,27.6
2015/3/23,29,26,12,0,28.6
2015/3/24,25,20,10,0,28.6
2015/3/25,23,18,10,0,29
2015/3/26,25,19,11,0,29
2015/3/27,25,18,4,0,28.9
2015/3/28,23,15,4,0,28.7
2015/3/29,21,21,4,9.2,27
2015/3/30,24,19,13,0,28.6
2015/3/31,24,15,24,8.8,27.9
2015/4/1,21,13,18,13.8,27.1
2015/4/2,23,21,23,11.4,27
2015/4/3,30,31,23,0,27.6
2015/4/4,26,11,21,0,28.9
2015/4/5,25,29,22,9.8,27.7
2015/4/6,29,14,14,1.6,28.4
2015/4/7,19,16,10,0,29.2
2015/4/8,18,16,9,0,29.3
2015/4/9,18,20,6,0,29.1
2015/4/10,16,17,16,0.4,29.3
2015/4/11,20,21,16,0,28.2
2015/4/12,22,30,14,0,28.8
2015/4/13,24,24,12,0,29.3
2015/4/14,20,25,10,0,29.2
2015/4/15,17,25,8,0,29.1
2015/4/16,21,20,10,0,29.6
2015/4/17,24,31,18,0.6,29.6
2015/4/18,25,46,20,0,29.6
2015/4/19,28,14,28,8.2,28.3
2015/4/20,36,34,33,0,28.8
2015/4/21,30,31,21,3.2,27.9
2015/4/22,27,15,16,0,28.8
2015/4/23,30,15,15,0,29.5
2015/4/24,25,14,15,1.6,28.7
2015/4/25,19,13,10,0,28.8
2015/4/26,18,11,13,18.8,27.9
2015/4/27,28,10,15,0.4,27.9
2015/4/28,22,19,12,0.2,28.3
2015/4/29,22,17,15,0,28.7
2015/4/30,25,30,16,3.2,27.4
2015/5/1,24,11,15,0,27.7
2015/5/2,21,6,11,16.4,28
2015/5/3,19,13,15,22.2,26.7
2015/5/4,30,14,21,5,27
2015/5/5,32,26,23,2.6,28.1
2015/5/6,28,5,12,3.4,28.5
2015/5/7,20,8,10,0.2,29.3
2015/5/8,16,12,9,0,28.8
2015/5/9,16,11,5,0,29.3
2015/5/10,18,11,4,0,29.6
2015/5/11,16,10,6,0,29.9
2015/5/12,16,13,9,3,29.2
2015/5/13,16,10,10,0,29.2
2015/5/14,23,5,19,16.6,29.2
2015/5/15,19,7,8,9.8,27.2
2015/5/16,12,8,8,0,28.4
2015/5/17,19,7,13,0,29
2015/5/18,20,11,8,2.4,28.6
2015/5/19,18,9,7,0,29.4
2015/5/20,24,15,6,0,29
2015/5/21,21,11,9,0,29.4
2015/5/22,21,6,12,0,29
2015/5/23,23,17,9,5.4,27.1
2015/5/24,17,8,8,0,28.7
2015/5/25,16,13,9,0,28.8
2015/5/26,24,10,10,0,28.6
2015/5/27,19,14,10,2,28.3
2015/5/28,13,15,9,0,29
2015/5/29,14,15,8,0,30.1
2015/5/30,16,20,10,0,30
2015/5/31,21,20,14,0,29.7
2015/6/1,17,15,13,0,29.4
2015/6/2,19,20,17,1.8,29.6
2015/6/3,16,13,15,0,29.2
2015/6/4,20,13,17,2.2,29.5
2015/6/5,20,4,21,0,29.2
2015/6/6,24,7,17,12.8,27.9
2015/6/7,15,5,15,28.4,27.9
2015/6/8,22,7,20,0,28.4
2015/6/9,18,15,15,0,28.2
2015/6/10,14,12,17,0,29.2
2015/6/11,14,3,16,2.8,28.3
2015/6/12,14,11,19,17.4,27
2015/6/13,21,7,15,0,28.1
2015/6/14,15,7,16,13.4,26.8
2015/6/15,22,10,19,3.8,27.7
2015/6/16,25,12,22,0,27.7
2015/6/17,23,18,18,0.4,28.4
2015/6/18,20,13,13,0,29.5
2015/6/19,17,12,12,0,29.4
2015/6/20,18,13,12,0,29.8
2015/6/21,19,15,11,0,30
2015/6/22,23,18,13,0,30.2
2015/6/23,27,20,12,0,30.1
2015/6/24,29,21,12,0,30
2015/6/25,25,21,12,0,29.9
2015/6/26,21,14,12,0,29.7
2015/6/27,20,12,11,0,29.9
2015/6/28,20,18,14,12.8,29.4
2015/6/29,23,21,13,0,29.7
2015/6/30,27,10,20,0,29.7
2015/7/1,31,13,20,6.4,28.6
2015/7/2,32,17,15,0,29.2
2015/7/3,29,15,14,0.4,29.4
2015/7/4,27,24,16,22.2,27.4
2015/7/5,27,24,16,0,29.3
2015/7/6,30,21,16,0,29.5
2015/7/7,30,18,15,2,29.3
2015/7/8,30,13,17,20,28.5
2015/7/9,35,28,20,0,29.1
2015/7/10,38,17,20,11.4,28.7
2015/7/11,27,17,16,0.6,29.4
2015/7/12,25,18,15,0,29.3
2015/7/13,20,13,13,0,29.4
2015/7/14,19,12,14,45.8,28.1
2015/7/15,15,11,15,0,29.2
2015/7/16,20,13,14,1.6,29.3
2015/7/17,21,15,14,0,29.5
2015/7/18,21,17,11,0,29.8
2015/7/19,22,15,10,0.2,29.6
2015/7/20,20,15,12,0,29.4
2015/7/21,19,14,15,0.4,29.5
2015/7/22,20,15,15,0,29.6
2015/7/23,19,11,14,0,29.3
2015/7/24,20,14,13,0,29.3
2015/7/25,22,19,12,0,29.4
2015/7/26,19,10,11,3.6,28.1
2015/7/27,19,12,14,0,29
2015/7/28,20,9,11,0,28.7
2015/7/29,14,14,7,0,29
2015/7/30,16,12,9,0,29.2
2015/7/31,20,11,16,2.2,27.6
2015/8/1,25,12,17,1.6,26.7
2015/8/2,20,13,12,0,28.7
2015/8/3,17,7,15,26.2,26.2
2015/8/4,18,15,18,6.2,27.1
2015/8/5,20,17,17,0,28.5
2015/8/6,21,11,18,1.6,27.3
2015/8/7,22,10,18,20.2,27.2
2015/8/8,22,16,17,28.2,28.1
2015/8/9,21,20,12,14.2,27.5
2015/8/10,26,21,9,1,29.1
2015/8/11,28,13,11,0,28.8
2015/8/12,25,5,16,63.2,26.1
2015/8/13,25,16,15,0,28.1
2015/8/14,21,14,13,0,29.1
2015/8/15,22,17,10,0,29
2015/8/16,24,16,8,0,28.8
2015/8/17,24,13,10,0,28.7
2015/8/18,26,27,10,0,29
2015/8/19,30,27,13,0,29
2015/8/20,37,27,13,0,29.1
2015/8/21,39,22,17,0,28.6
2015/8/22,43,26,16,0,29
2015/8/23,43,32,8,0,29
2015/8/24,41,27,9,0,28.8
2015/8/25,47,18,15,22.2,28.4
2015/8/26,43,17,13,0,29
2015/8/27,34,23,12,0,28.7
2015/8/28,32,16,12,0,28.9
2015/8/29,38,22,8,0,29.7
2015/8/30,35,15,7,1.2,29
2015/8/31,27,22,9,0,29.2
2015/9/1,33,30,10,0,29.3
2015/9/2,44,29,11,0,29.3
2015/9/3,48,25,9,0,29.4
2015/9/4,48,19,11,0.4,29
2015/9/5,49,26,9,0,29.2
2015/9/6,56,32,10,0,29.2
2015/9/7,47,28,11,0,28.9
2015/9/8,53,29,11,0,29.2
2015/9/9,47,14,17,17.4,27
2015/9/10,57,24,21,0,27.6
2015/9/11,82,34,14,0,28.9
2015/9/12,50,29,13,0,28.6
2015/9/13,71,34,10,0,28.9
2015/9/14,78,20,13,0,28.7
2015/9/15,77,16,22,18.4,26.6
2015/9/16,61,15,22,16.4,27.7
2015/9/17,48,25,17,0,29
2015/9/18,44,25,12,0,28.8
2015/9/19,67,33,11,0,29
2015/9/20,50,31,11,0,29.1
2015/9/21,42,22,13,0.2,28.9
2015/9/22,46,24,13,4.6,28.7
2015/9/23,52,33,18,0,29.2
2015/9/24,98,37,13,0,28.8
2015/9/25,141,27,14,0,28.9
2015/9/26,67,27,11,0,29
2015/9/27,43,29,10,0,28.9
2015/9/28,75,24,17,2.8,27.8
2015/9/29,94,34,19,0,28.1
2015/9/30,87,27,19,1.4,28.7
2015/10/1,97,33,15,0,28.7
2015/10/2,74,24,21,28.6,27.5
2015/10/3,82,29,15,0,28.5
2015/10/4,72,36,10,0,29
2015/10/5,90,30,21,0.2,28.4
2015/10/6,67,27,18,19.8,27.4
2015/10/7,39,30,27,0.6,28.1
2015/10/8,48,36,16,0,28.3
2015/10/9,49,31,14,0,29
2015/10/10,46,46,10,0,28.9
2015/10/11,57,36,15,0,29.3
2015/10/12,65,37,16,0,29.1
2015/10/13,59,24,15,0,28.9
2015/10/14,42,34,13,7.8,28.6
2015/10/15,53,39,13,0,29.5
2015/10/16,55,31,14,0,29
2015/10/17,55,40,11,0,29.4
2015/10/18,72,31,11,0,29.3
2015/10/19,62,31,11,0,29.5
2015/10/20,61,37,12,0,29.2
2015/10/21,52,35,12,0,29.2
2015/10/22,59,47,12,0,29.6
2015/10/23,106,27,15,0,29.6
2015/10/24,79,30,18,0.6,28.9
2015/10/25,80,42,17,0,28.2
2015/10/26,79,47,18,0,29
2015/10/27,55,26,14,0,29
2015/10/28,27,22,9,24,26.6
2015/10/29,20,18,16,0,28.4
2015/10/30,19,17,14,5.2,27.6
2015/10/31,25,36,17,0.4,27.2
2015/11/1,25,21,19,0.2,27.6
2015/11/2,21,12,21,0.2,27.8
2015/11/3,24,19,24,0,28.6
2015/11/4,40,30,28,0,28.2
2015/11/5,46,31,21,0,28.4
2015/11/6,29,19,20,0,28.4
2015/11/7,30,30,27,1.4,27.9
2015/11/8,45,43,25,0,27.6
2015/11/9,39,20,15,1.4,28
2015/11/10,25,19,23,0,28.2
2015/11/11,33,28,20,0,27.5
2015/11/12,32,8,21,0,28.2
2015/11/13,27,19,12,0,28.3
2015/11/14,19,16,11,0,29
2015/11/15,13,3,14,0,27.9
2015/11/16,14,24,20,1.6,26.5
2015/11/17,27,27,14,9.8,27
2015/11/18,19,14,17,0,28.6
2015/11/19,19,10,14,0,28.8
2015/11/20,18,18,19,0.2,28.1
2015/11/21,24,9,13,0,27.6
2015/11/22,34,38,21,0,28.3
2015/11/23,32,12,24,0,29.1
2015/11/24,32,24,22,24,26.8
2015/11/25,18,9,14,3.2,27.2
2015/11/26,11,15,12,0.8,27.1
2015/11/27,16,22,14,0.4,27.6
2015/11/28,22,22,15,0,28.5
2015/11/29,18,17,18,3.6,28.5
2015/11/30,16,12,16,25.8,27.6
2015/12/1,15,10,16,28.8,26.9
2015/12/2,16,14,12,0.2,27.6
2015/12/3,21,17,17,0,28.7
2015/12/4,19,13,15,0,28.4
2015/12/5,21,10,13,6,28.1
2015/12/6,14,13,9,4,27.8
2015/12/7,18,12,14,0,28.5
2015/12/8,16,13,12,21.6,28.1
2015/12/9,14,15,16,2,27.8
2015/12/10,19,10,16,40.4,27.4
2015/12/11,19,12,11,11,27.2
2015/12/12,14,3,11,37.8,26.8
2015/12/13,13,10,14,12.6,25.8
2015/12/14,20,11,15,0.4,27.6
2015/12/15,22,17,15,0,27.5
2015/12/16,26,20,14,0.2,28
2015/12/17,31,18,14,0,27.8
2015/12/18,34,25,13,8.2,27.8
2015/12/19,28,34,8,0,28.4
2015/12/20,24,30,12,0,28.5
2015/12/21,27,43,17,0,28.7
2015/12/22,29,28,17,4.8,28.4
2015/12/23,23,9,18,25.6,27.4
2015/12/24,22,17,11,40.2,26.4
2015/12/25,17,16,10,0,27.9
2015/12/26,18,18,9,0,28.5
2015/12/27,17,14,10,0,28.3
2015/12/28,15,7,11,0,28.4
2015/12/29,19,16,13,39,26.9
2015/12/30,24,29,22,2.2,27.8
2015/12/31,20,6,27,17,26
2016/1/1,25.32964864,18.30911962,14.14071661,2,27.5
2016/1/2,25.32964864,18.30911962,14.14071661,39.6,25.7
2016/1/3,14,10,13,16.6,25.4
2016/1/4,17,13,9,0,27.9
2016/1/5,17,13,8,0,28.7
2016/1/6,19,15,10,0,28.5
2016/1/7,19,13,10,0,28.7
2016/1/8,20,13,9,0,28.5
2016/1/9,18,16,7,1.8,28.5
2016/1/10,17,12,12,0,28.8
2016/1/11,21,14,8,0,28.8
2016/1/12,20,15,7,0,29
2016/1/13,19,13,9,0,29
2016/1/14,18,8,12,0.2,28.7
2016/1/15,22,9,18,5.6,28
2016/1/16,22,9,12,12.2,27.9
2016/1/17,20,15,17,33.4,27.4
2016/1/18,21,9,12,2.6,28.6
2016/1/19,20,11,12,2,28.5
2016/1/20,18,9,10,0.8,28.3
2016/1/21,19,7,12,0.6,28.3
2016/1/22,16,9,9,0,28.5
2016/1/23,18,16,6,0,28.7
2016/1/24,21,12,8,0,28.8
2016/1/25,22,8,13,2.6,28.4
2016/1/26,24,14,8,6,27.9
2016/1/27,23,13,12,1,28.8
2016/1/28,20,9,12,0,29
2016/1/29,18,12,8,0,28.6
2016/1/30,19,9,7,0,28.8
2016/1/31,22,12,6,0,28.8
2016/2/1,20,11,8,0,28.9
2016/2/2,19,15,7,10.6,27.7
2016/2/3,19,8,10,0,28.5
2016/2/4,16,13,10,0.2,28.2
2016/2/5,18,16,6,0,28.3
2016/2/6,19,25,6,1.8,28.7
2016/2/7,31,25,4,26.4,27
2016/2/8,31,24,2,0,27.7
2016/2/9,24,17,5,0,26.8
2016/2/10,14,10,6,0,26.7
2016/2/11,18,13,8,0.4,27.4
2016/2/12,18,14,5,0.6,27.6
2016/2/13,15,15,6,0,28.6
2016/2/14,18,15,6,1.2,28.6
2016/2/15,21,15,5,0,28.9
2016/2/16,26,23,6,0,28.7
2016/2/17,29,17,9,0,28.1
2016/2/18,17,6,11,0,27.8
2016/2/19,14,9,14,70.4,25.1
2016/2/20,22,17,8,2.6,26.7
2016/2/21,24,17,8,0,27.5
2016/2/22,23,12,8,0,28.2
2016/2/23,21,6,13,0,28
2016/2/24,18,15,9,71.8,25.9
2016/2/25,26,17,11,0,27.7
2016/2/26,25,16,8,0,28.4
2016/2/27,22,17,5,0,28.3
2016/2/28,24,13,7,0,28.5
2016/2/29,25,15,10,0,28.7
2016/3/1,25,13,8,0,28.6
2016/3/2,27,12,9,0,28.2
2016/3/3,25,9,10,0,28.5
2016/3/4,20,16,10,0.4,28.4
2016/3/5,20,16,6,0,28.6
2016/3/6,18,12,9,0,29
2016/3/7,21,9,14,0,28.5
2016/3/8,20,19,10,0.6,28.4
2016/3/9,20,15,18,0,29.2
2016/3/10,21,18,10,1.6,29
2016/3/11,18,15,11,0,29.4
2016/3/12,20,14,12,0,29
2016/3/13,21,18,9,2.4,29
2016/3/14,22,17,6,0,29.2
2016/3/15,22,23,14,0,29.2
2016/3/16,22,26,12,0,28.6
2016/3/17,24,28,12,0,28.9
2016/3/18,28,33,12,0,28.8
2016/3/19,28,27,13,0,28.9
2016/3/20,30,28,19,0,29.3
2016/3/21,29,23,22,0.2,29.2
2016/3/22,29,30,19,1,28.3
2016/3/23,24,32,10,0,28.8
2016/3/24,26,38,1,0,29.5
2016/3/25,25,22,1,0,29
2016/3/26,29,23,1,0,29.5
2016/3/27,32,23,5,0,29.6
2016/3/28,39,31,15,0,29.6
2016/3/29,51,26,7,0,29.3
2016/3/30,43,22,12,0,29.4
2016/3/31,44,24,11,0,29.6
2016/4/1,29,23,9,0,29.6
2016/4/2,23,16,9,0,29.8
2016/4/3,20,23,4,7.6,28.8
2016/4/4,21,17,10,6.2,29.2
2016/4/5,22,26,11,0,29
2016/4/6,26,33,12,0,29.4
2016/4/7,28,31,13,0,29.3
2016/4/8,27,18,3,0,29.7
2016/4/9,33,31,2,1.2,28.8
2016/4/10,25,23,15,0,29.7
2016/4/11,34,26,21,0,29.8
2016/4/12,27,23,17,9.4,29.9
2016/4/13,29,14,17,0,29.6
2016/4/14,24,13,22,9.6,29.4
2016/4/15,20,22,23,4.8,28.9
2016/4/16,20,26,13,0,29.9
2016/4/17,21,29,19,0,30.1
2016/4/18,27,22,5,0,30.3
2016/4/19,28,9,18,0.2,30.5
2016/4/20,25,26,13,0.4,29.4
2016/4/21,24,16,17,0,30.4
2016/4/22,19,13,17,0,29.7
2016/4/23,23,19,2,0,29.8
2016/4/24,16,11,15,13.8,29.2
2016/4/25,19,24,21,18.2,28.7
2016/4/26,28,23,27,7.6,28.9
2016/4/27,29,16,29,4.2,28.9
2016/4/28,28,10,27,6.2,28.9
2016/4/29,38,34,31,0.4,29
2016/4/30,37,21,19,0,28.6
2016/5/1,18,14,16,0,29.6
2016/5/2,22,16,17,0,29.4
2016/5/3,15,25,10,0,30
2016/5/4,17,19,18,0,30.7
2016/5/5,24,16,18,0.6,29.5
2016/5/6,22,8,17,0,29.8
2016/5/7,26,18,19,0,29.8
2016/5/8,26,12,23,0,29.7
2016/5/9,16,15,14,0,30
2016/5/10,14,16,22,0,30.7
2016/5/11,22,11,18,8,29.3
2016/5/12,19,4,12,0,29.7
2016/5/13,21,6,19,0.8,28.8
2016/5/14,21,20,17,16.4,27.7
2016/5/15,20,23,15,0,28.8
2016/5/16,25,20,29,31.6,28.5
2016/5/17,31,10,20,0,29.2
2016/5/18,20,7,20,54.8,28.5
2016/5/19,17,16,16,0,28.6
2016/5/20,20,17,12,2.8,29.6
2016/5/21,14,21,16,10.6,28.9
2016/5/22,18,25,17,25.6,28.1
2016/5/23,16,15,15,1.8,29.1
2016/5/24,14,17,14,0,29.9
2016/5/25,15,12,16,0,30
2016/5/26,12,9,13,0,28.6
2016/5/27,13,14,15,0,30
2016/5/28,15,26,17,29.8,29
2016/5/29,19,11,18,0,29.7
2016/5/30,17,26,21,11,27.9
2016/5/31,24,12,24,0,28.8
2016/6/1,22,13,22,0.8,28
2016/6/2,27,14,23,0,28.7
2016/6/3,28,3,30,0,28.7
2016/6/4,24,29,19,3.8,26.9
2016/6/5,21,19,16,0,28.7
2016/6/6,17,16,17,0,29.7
2016/6/7,28,6,24,0,29.9
2016/6/8,28,12,22,3.8,28
2016/6/9,25,7,24,0.6,28.5
2016/6/10,20,9,18,0,28.7
2016/6/11,13,14,13,16.2,28.1
2016/6/12,12,12,13,0,28.6
2016/6/13,18,14,16,7.2,28.7
2016/6/14,19,9,19,0.2,28.5
2016/6/15,18,5,16,34.6,28.5
2016/6/16,13,4,14,6.4,28.4
2016/6/17,13,14,19,18.4,26.4
2016/6/18,22,25,16,0.4,26.9
2016/6/19,18,24,15,0,27.7
2016/6/20,17,15,21,0,29
2016/6/21,22,5,22,0,28.9
2016/6/22,19,14,7,2.2,27.4
2016/6/23,16,8,15,0,29.2
2016/6/24,16,15,13,67.8,26.7
2016/6/25,13,13,13,0,29.1
2016/6/26,15,8,14,0.8,28.7
2016/6/27,15,18,17,0,28.9
2016/6/28,23,22,16,0,29.5
2016/6/29,25,22,18,0,30.3
2016/6/30,26,25,12,0,30
2016/7/1,27,22,11,0,29.8
2016/7/2,29,24,8,0,29.9
2016/7/3,24,21,10,0,30.1
2016/7/4,19,14,8,0,30.1
2016/7/5,16,11,10,0,30.1
2016/7/6,19,13,12,1.2,29.3
2016/7/7,17,9,14,0.8,29.4
2016/7/8,17,15,12,4.4,29.1
2016/7/9,15,15,12,0,29.8
2016/7/10,15,6,16,0,29.6
2016/7/11,16,14,14,1.4,28.1
2016/7/12,15,6,16,0,29.8
2016/7/13,20,5,18,1.2,28.2
2016/7/14,18,5,15,0.8,27.6
2016/7/15,18,24,19,0.4,27.4
2016/7/16,19,31,16,1.6,28.4
2016/7/17,20,10,24,0.4,27.7
2016/7/18,18,17,12,44,27.3
2016/7/19,14,9,20,0.4,28
2016/7/20,20,14,19,11.8,27.1
2016/7/21,22,3,25,59.4,27.1
2016/7/22,19,9,17,28.8,26
2016/7/23,13,6,15,4.8,27.1
2016/7/24,15,4,20,0.8,27.4
2016/7/25,21,3,17,0.2,27.5
2016/7/26,22,13,16,1.6,26.5
2016/7/27,23,10,17,0,28.4
2016/7/28,20,15,17,0,28.6
2016/7/29,17,13,15,0,28.7
2016/7/30,18,11,16,0.6,28.9
2016/7/31,21,13,24,4,27.6
2016/8/1,20,22,17,22.2,27.4
2016/8/2,19,13,17,0,29.1
2016/8/3,18,12,15,7,27.5
2016/8/4,18,17,16,0,28.4
2016/8/5,20,14,19,0.2,29.5
2016/8/6,26,16,10,4.6,28.3
2016/8/7,29,22,14,0,29.4
2016/8/8,29,22,19,0,29.6
2016/8/9,20,14,13,0,29
2016/8/10,18,10,18,0,29.7
2016/8/11,19,10,16,3.6,29.2
2016/8/12,23,21,21,3.4,29
2016/8/13,26,19,16,0,29.4
2016/8/14,20,20,14,0.2,28.7
2016/8/15,14,10,12,0,29.3
2016/8/16,16,10,13,0,29.6
2016/8/17,19,10,10,2.2,29.3
2016/8/18,16,10,10,0,30.2
2016/8/19,15,13,12,11.2,28.3
2016/8/20,14,8,11,0,29.6
2016/8/21,14,12,15,30.6,27.8
2016/8/22,25,17,15,0.2,29.2
2016/8/23,23,9,12,18.2,29.2
2016/8/24,14,16,13,13.4,27.7
2016/8/25,32,28,20,0,29.2
2016/8/26,49,15,19,0,29.4
2016/8/27,35,17,17,0,29.4
2016/8/28,38,15,13,0,28.8
2016/8/29,17,7,13,10.6,28.9
2016/8/30,20,9,9,11.6,27.4
2016/8/31,20,4,14,0,28.3
2016/9/1,19,13,16,3.6,27.1
2016/9/2,21,13,17,0,28.5
2016/9/3,22,13,21,0,29.1
2016/9/4,35,12,27,1.8,28.7
2016/9/5,24,18,19,12.6,27.9
2016/9/6,17,7,14,1,28.8
2016/9/7,18,11,13,5,27.5
2016/9/8,18,10,14,0,29.2
2016/9/9,25,9,16,6.6,27.8
2016/9/10,19,13,12,2.8,27
2016/9/11,18,8,18,0.2,28.5
2016/9/12,21,12,15,3.4,26.3
2016/9/13,15,5,17,0,28.9
2016/9/14,18,12,14,34,26.5
2016/9/15,18,13,17,0,28.7
2016/9/16,18,19,12,15.2,28.1
2016/9/17,21,21,19,0,28.9
2016/9/18,19,11,16,7.2,28.3
2016/9/19,15,11,12,15.8,28.3
2016/9/20,14,12,13,0,28.7
2016/9/21,23,27,17,2.5,28.1
2016/9/22,22,18,16,0,28.3
2016/9/23,28,23,24,0,28.4
2016/9/24,22,24,17,0,28.5
2016/9/25,27,24,21,0,28.7
2016/9/26,38,19,24,0,28.3
2016/9/27,34,24,14,0,28.1
2016/9/28,25,19,15,0,29.7
2016/9/29,24,20,21,0,29.6
2016/9/30,27,12,22,7.2,28.1
2016/10/1,21,22,12,0,27.9
2016/10/2,26,10,19,0,30
2016/10/3,27,21,15,75.4,27.8
2016/10/4,40,21,26,0,28.3
2016/10/5,36,12,14,0,28.5
2016/10/6,29,3,15,0.4,27.9
2016/10/7,18,16,13,22.2,25.9
2016/10/8,20,15,17,0,28.6
2016/10/9,21,21,14,0,28.5
2016/10/10,20,23,9,0,29.7
2016/10/11,16,22,8,0,30.1
2016/10/12,16,15,9,0.2,29.9
2016/10/13,16,9,14,0,29.5
2016/10/14,18,14,12,1.6,28.9
2016/10/15,16,8,10,0,30
2016/10/16,13,8,13,5,28.6
2016/10/17,16,12,9,0,29.2
2016/10/18,17,8,14,0,29.6
2016/10/19,21,18,17,22.4,27.6
2016/10/20,23,18,20,0,29
2016/10/21,20,14,12,1,29
2016/10/22,19,28,14,4.2,28.3
2016/10/23,31,8,22,0.8,28.2
2016/10/24,32,17,23,7,26.8
2016/10/25,21,15,15,15,26.9
2016/10/26,20,7,13,1.6,27.2
2016/10/27,21,10,25,14.6,25.9
2016/10/28,31,9,18,0,27.4
2016/10/29,17,10,14,9.2,27.1
2016/10/30,18,11,16,0.4,27.3
2016/10/31,19,12,16,0,28.8
2016/11/1,18,17,17,35,26.7
2016/11/2,17,13,13,1,27.4
2016/11/3,13,11,15,19.2,27.4
2016/11/4,17,6,15,0,28.3
2016/11/5,14,14,8,4.4,26.9
2016/11/6,20,7,17,0,28.8
2016/11/7,23,13,15,1.2,26.8
2016/11/8,25,24,18,0,28.7
2016/11/9,24,15,18,64.4,27
2016/11/10,22,11,18,11,27.3
2016/11/11,19,17,17,5.6,26.9
2016/11/12,19,14,15,8.8,27.5
2016/11/13,16,3,17,0,27.8
2016/11/14,15,16,13,65.6,25.5
2016/11/15,16,7,15,0,27.6
2016/11/16,19,13,20,30.2,26.4
2016/11/17,22,16,21,29.4,27
2016/11/18,23,10,23,1,27.4
2016/11/19,23,17,19,0.8,27.9
2016/11/20,17,17,12,1.8,28
2016/11/21,18,7,18,0,28.6
2016/11/22,17,7,13,1.4,27.4
2016/11/23,15,15,17,1.2,27.6
2016/11/24,20,23,19,0,27.6
2016/11/25,19,12,16,2.8,27.7
2016/11/26,17,13,10,4.6,27.4
2016/11/27,10,12,9,0,27.3
2016/11/28,11,5,10,0,27.6
2016/11/29,13,17,7,0.8,26.4
2016/11/30,12,10,13,0,28.1
2016/12/1,12,13,12,18.4,25.7
2016/12/2,14,10,16,1.2,27.4
2016/12/3,22,19,17,1,27.3
2016/12/4,16,15,10,18.6,28.6
2016/12/5,20,22,19,0.8,28.7
2016/12/6,23,18,15,21.6,27.7
2016/12/7,17,25,11,33.4,27.8
2016/12/8,16,11,13,0,28.5
2016/12/9,14,19,8,23.4,27
2016/12/10,14,17,7,2,27.5
2016/12/11,12,19,7,7.6,26.5
2016/12/12,17,29,14,0,28.5
2016/12/13,20,26,15,0,28.4
2016/12/14,22,26,10,0.2,28
2016/12/15,29,25,21,0,28.7
2016/12/16,29,11,18,2.4,28.2
2016/12/17,18,15,11,29.6,26.8
2016/12/18,14,19,10,2.4,26.9
2016/12/19,13,18,7,6,28
2016/12/20,11,24,11,0,28.6
2016/12/21,14,13,16,3,28.5
2016/12/22,16,12,12,12.2,26.7
2016/12/23,11,14,11,19.6,27
2016/12/24,10,14,6,73,26.3
2016/12/25,10,13,5,10.4,26.6
2016/12/26,9,10,8,0,26.5
2016/12/27,10,6,13,0.6,26.3
2016/12/28,12,6,15,3.8,25.7
2016/12/29,22,20,13,0,27.6
2016/12/30,11,12,11,1.4,27
2016/12/31,15,28,19,0,26.6
2017/1/1,16,11,15,0.8,27.4
2017/1/2,15,9,12,0,26.6
2017/1/3,13,13,11,0.6,26.4
2017/1/4,13,14,9,2.8,26.6
2017/1/5,16,15,18,0.6,28
2017/1/6,19,22,17,0,28.3
2017/1/7,19,28,12,0,28.9
2017/1/8,18,24,11,0.8,28.9
2017/1/9,23,18,13,0,28.4
2017/1/10,23,14,16,3,27.9
2017/1/11,23,21,13,26.4,26.7
2017/1/12,24,24,19,0,28
2017/1/13,26,22,18,0,27.1
2017/1/14,25,26,12,0.4,27.5
2017/1/15,20,29,13,10.8,26.9
2017/1/16,24,28,19,3,26.9
2017/1/17,20,17,17,0,27.1
2017/1/18,16,19,17,6,26.5
2017/1/19,16,11,17,16.6,26.6
2017/1/20,18,10,17,4.6,26.3
2017/1/21,12,13,8,5.6,26.9
2017/1/22,13,5,12,31.4,26.5
2017/1/23,12,4,12,60.6,25.1
2017/1/24,10,10,10,17.4,24
2017/1/25,15,12,8,0,26
2017/1/26,19,15,9,1.8,27
2017/1/27,21,16,8,0,27.4
2017/1/28,15,16,7,1.4,26.2
2017/1/29,14,11,9,0.6,26.3
2017/1/30,14,11,11,2.6,26
2017/1/31,18,16,11,0,26.8
2017/2/1,25,23,14,0,26.9
2017/2/2,23,20,12,1.4,27.1
2017/2/3,13,18,12,25.4,27.2
2017/2/4,14,21,10,15,26.7
2017/2/5,13,19,10,23.4,26.9
2017/2/6,14,17,15,5.4,27.2
2017/2/7,17,21,18,21,25.8
2017/2/8,24,28,19,4.6,26.4
2017/2/9,22,26,11,0,27.5
2017/2/10,23,24,11,0,27.4
2017/2/11,27,27,8,0,27.3
2017/2/12,27,24,10,5.2,26.3
2017/2/13,30,22,10,1.6,26.6
2017/2/14,19,18,14,0.2,26.6
2017/2/15,20,20,14,16.4,25.7
2017/2/16,27,18,13,0.8,26.6
2017/2/17,22,15,12,0,27.1
2017/2/18,23,18,9,0,27
2017/2/19,21,15,10,0,27.7
2017/2/20,17,12,12,0,27.6
2017/2/21,20,18,9,0,27.8
2017/2/22,16,18,18,0,27.5
2017/2/23,22,5,21,3.6,27.1
2017/2/24,15,12,15,31.2,25.1
2017/2/25,18,16,10,0,26.9
2017/2/26,16,14,9,0,27.4
2017/2/27,19,11,11,0,27.3
2017/2/28,17,10,9,4,27.1
2017/3/1,12,14,6,22,25.2
2017/3/2,23,12,11,0.4,26.9
2017/3/3,18,9,16,10.4,26.6
2017/3/4,25,17,10,14.6,25.6
2017/3/5,25,18,14,0,27.2
2017/3/6,22,27,17,0,27.2
2017/3/7,23,26,12,0,27.1
2017/3/8,27,30,14,0,27.3
2017/3/9,26,23,10,0,27.1
2017/3/10,24,25,12,0,27
2017/3/11,22,30,19,0,27.7
2017/3/12,27,36,20,0,26.8
2017/3/13,33,31,21,0,27.7
2017/3/14,26,43,29,0,26.9
2017/3/15,27,33,14,0,28.6
2017/3/16,26,22,24,0,28.2
2017/3/17,29,34,17,0,27.3
2017/3/18,25,33,16,0,28.4
2017/3/19,23,19,17,0,28.4
2017/3/20,18,32,20,21.4,26.7
2017/3/21,18,13,15,0,27.7
2017/3/22,22,22,14,0.4,28
2017/3/23,23,36,21,0,28.7
2017/3/24,32,30,21,0,28.2
2017/3/25,24,29,13,0,28.1
2017/3/26,18,20,12,0,29.2
2017/3/27,19,8,17,5,28.5
2017/3/28,19,17,21,30.2,26.4
2017/3/29,22,7,21,2.4,26.9
2017/3/30,20,18,25,19.2,25.6
2017/3/31,25,15,27,10.6,27.1
2017/4/1,18,23,15,7.6,26.4
2017/4/2,16,20,14,2.6,27.1
2017/4/3,14,24,15,1.4,27.5
2017/4/4,14,23,12,2.2,28.6
2017/4/5,12,32,15,0,29
2017/4/6,15,26,14,0.6,28.6
2017/4/7,21,11,29,37.8,27.5
2017/4/8,26,32,26,1.6,26.8
2017/4/9,25,16,25,6.2,27.5
2017/4/10,25,32,25,0,27.3
2017/4/11,23,19,20,11.8,28.4
2017/4/12,15,8,19,22,27.7
2017/4/13,20,15,19,0.6,27
2017/4/14,17,16,15,0.2,27.9
2017/4/15,23,39,15,0,28.6
2017/4/16,21,21,16,0,28.5
2017/4/17,26,19,21,0,29.1
2017/4/18,21,38,36,11.6,27.4
2017/4/19,38,25,34,0.2,28
2017/4/20,40,20,25,0,28.1
2017/4/21,20,24,17,18,27.8
2017/4/22,20,19,26,0.4,28.2
2017/4/23,23,10,24,7.6,28
2017/4/24,29,11,28,30.4,27.6
2017/4/25,35,15,33,2.4,26.9
2017/4/26,21,27,23,2.2,27.2
2017/4/27,19,26,26,0.2,28
2017/4/28,21,9,30,42.8,26.8
2017/4/29,35,26,23,0,27.5
2017/4/30,19,20,15,0,28.6
2017/5/1,19,8,26,0,28.9
2017/5/2,21,11,26,0,28.2
2017/5/3,22,12,22,0,29
2017/5/4,29,20,22,2.4,28.8
2017/5/5,23,23,20,8,28.4
2017/5/6,28,24,25,8,28.1
2017/5/7,22,28,23,12,27.8
2017/5/8,18,16,15,0,28.4
2017/5/9,13,7,14,0,29.6
2017/5/10,16,10,13,19.2,27
2017/5/11,16,10,18,0,28.1
2017/5/12,18,10,16,0.8,28.2
2017/5/13,16,17,14,0,28.6
2017/5/14,13,9,16,0,29.2
2017/5/15,16,14,15,0.6,28.3
2017/5/16,14,16,13,4,28.7
2017/5/17,15,11,10,0,29.7
2017/5/18,13,12,13,4,29
2017/5/19,16,15,11,0,29.1
2017/5/20,16,14,12,0,29.5
2017/5/21,14,9,16,27.2,28.5
2017/5/22,12,15,13,9.8,28.1
2017/5/23,14,9,15,0,29.4
2017/5/24,16,10,15,11,26.6
2017/5/25,17,9,15,0,28
2017/5/26,21,11,18,25.8,27.5
2017/5/27,20,9,11,0,28.2
2017/5/28,11,16,10,0,29.1
2017/5/29,14,5,18,0,29.4
2017/5/30,21,14,18,13.8,26.7
2017/5/31,17,11,18,44.8,28.5
2017/6/1,12,12,15,8.2,27.6
2017/6/2,12,17,11,0,29
2017/6/3,13,21,12,0,29.6
2017/6/4,15,11,12,0,29.9
2017/6/5,19,15,11,0,29.8
2017/6/6,21,22,14,0,29.6
2017/6/7,18,17,10,0,29.6
2017/6/8,16,20,9,0,29.5
2017/6/9,17,16,11,0,29.6
2017/6/10,16,16,12,0,29
2017/6/11,12,18,13,0.2,28.1
2017/6/12,12,17,13,0,29.3
2017/6/13,16,16,19,0.2,29.1
2017/6/14,14,18,17,0,28.2
2017/6/15,19,12,18,0,29.1
2017/6/16,19,19,13,8,28.2
2017/6/17,12,14,13,0,29
2017/6/18,12,11,11,13.8,27.1
2017/6/19,13,19,14,0,27.8
2017/6/20,17,13,18,0,28.9
2017/6/21,23,14,15,20.2,28.2
2017/6/22,18,7,14,0,28.5
2017/6/23,14,15,14,29.6,26.5
2017/6/24,17,11,18,0,28.1
2017/6/25,19,30,21,22.8,27.3
2017/6/26,24,6,22,1.6,27.9
2017/6/27,21,21,18,1.4,25.9
2017/6/28,24,9,17,0,27.6
2017/6/29,14,15,13,0,27.9
2017/6/30,10,15,11,0,28.5
2017/7/1,14,13,11,0,29.3
2017/7/2,15,10,13,0.2,28.5
2017/7/3,14,15,12,0,27.3
2017/7/4,13,8,14,0,28.4
2017/7/5,13,13,12,23.2,27.3
2017/7/6,14,16,13,0,27.7
2017/7/7,17,16,14,0,28.6
2017/7/8,16,15,10,8.8,27.9
2017/7/9,11,15,13,0.6,27.4
2017/7/10,14,12,17,0,28.6
2017/7/11,13,7,12,30.6,27.3
2017/7/12,15,13,15,4.6,26.2
2017/7/13,18,6,19,6.4,27
2017/7/14,22,15,15,3.2,26.2
2017/7/15,20,15,8,0,27.2
2017/7/16,13,24,9,0,28.3
2017/7/17,20,19,14,0,28.5
2017/7/18,18,17,12,0,28.5
2017/7/19,14,15,13,0,28.4
2017/7/20,16,21,10,0,28.6
2017/7/21,18,18,8,0,28.9
2017/7/22,18,18,8,0,29.2
2017/7/23,16,17,8,0,29.1
2017/7/24,20,22,10,0,29.3
2017/7/25,25,21,11,0,29.1
2017/7/26,25,24,15,2.4,28.4
2017/7/27,23,25,11,0,29.1
2017/7/28,24,19,12,0,29.3
2017/7/29,15,15,10,0,29.3
2017/7/30,15,13,9,0,29.2
2017/7/31,19,18,11,0,29.1
2017/8/1,24,27,10,1.6,29.2
2017/8/2,25,25,11,0,29.3
2017/8/3,20,22,12,0,29.2
2017/8/4,20,23,11,0,29.3
2017/8/5,20,18,9,0,29.5
2017/8/6,16,7,13,0,29.2
2017/8/7,16,9,12,7.2,28.4
2017/8/8,14,15,10,7,27.5
2017/8/9,16,12,15,2,27.2
2017/8/10,14,7,14,0,28.3
2017/8/11,17,6,17,1.2,27.4
2017/8/12,15,10,14,3,27
2017/8/13,14,13,11,1,27
2017/8/14,14,10,12,0.2,27.8
2017/8/15,16,17,14,0.2,27.3
2017/8/16,21,20,14,0,28.1
2017/8/17,19,15,16,14,27.3
2017/8/18,20,13,13,29.4,27.3
2017/8/19,15,13,10,4.8,28.1
2017/8/20,13,12,10,0,28.8
2017/8/21,16,12,12,0,28.8
2017/8/22,18,23,12,5.2,27.2
2017/8/23,21,16,11,0,29
2017/8/24,17,12,10,0,28.8
2017/8/25,11,15,9,1.2,27.8
2017/8/26,12,15,9,0,28.5
2017/8/27,17,12,12,1.8,27.5
2017/8/28,24,8,15,3.2,28.1
2017/8/29,16,19,15,0.6,26.7
2017/8/30,18,17,14,0.6,27.7
2017/8/31,13,21,7,0,28.4
2017/9/1,23,28,9,0,29
2017/9/2,23,18,6,0,29
2017/9/3,18,15,9,0,29
2017/9/4,18,13,11,0.4,28.6
2017/9/5,17,5,15,10.4,28.2
2017/9/6,25.32964864,18.30911962,14.14071661,20.2,26.6
2017/9/7,25.32964864,18.30911962,14.14071661,0,28
2017/9/8,25.32964864,18.30911962,14.14071661,0,27.9
2017/9/9,25.32964864,18.30911962,14.14071661,2.6,27.9
2017/9/10,25,20,21,3.8,27.7
2017/9/11,26,40,14,14,26.9
2017/9/12,29,27,12,0,28.4
2017/9/13,25,17,14,0,29.1
2017/9/14,23,9,20,0,28.7
2017/9/15,22,14,15,0,28.3
2017/9/16,15,16,8,19.2,27.7
2017/9/17,11,10,13,3,28.4
2017/9/18,16,7,20,16.8,26.9
2017/9/19,21,11,19,3.8,26.3
2017/9/20,14,8,11,4,27
2017/9/21,14,22,11,3.2,26.8
2017/9/22,21,20,14,0,28.7
2017/9/23,21,21,13,8.8,28.8
2017/9/24,19,20,18,3.2,28
2017/9/25,20,11,17,0,28.9
2017/9/26,31,16,22,1,27.6
2017/9/27,23,22,23,1.8,27.2
2017/9/28,22,13,20,0.2,28
2017/9/29,16,15,16,8.4,27.5
2017/9/30,17,6,16,0.4,27.8
2017/10/1,21,15,14,2.2,27.1
2017/10/2,26,9,20,0.2,27.9
2017/10/3,21,8,18,3.2,27.3
2017/10/4,16,18,17,7.8,26
2017/10/5,18,11,17,0.2,27.8
2017/10/6,26,34,18,0,28.6
2017/10/7,23,17,20,2,27.8
2017/10/8,22,16,18,16.8,26.6
2017/10/9,14,14,13,31.4,27.8
2017/10/10,14,17,13,7,27.6
2017/10/11,14,5,16,2.2,28.2
2017/10/12,17,20,17,11.6,27.3
2017/10/13,16,17,15,1,27.2
2017/10/14,28,29,19,0,29.2
2017/10/15,23,23,18,0,29.3
2017/10/16,21,29,18,0,28.5
2017/10/17,21,48,12,0.2,29.7
2017/10/18,23,37,16,0,29.7
2017/10/19,37,26,28,0,29.7
2017/10/20,33,29,21,0,29.3
2017/10/21,38,24,18,0.2,28.9
2017/10/22,29,20,17,0.4,28.3
2017/10/23,34,15,28,0,28
2017/10/24,40,42,26,8.2,27.7
2017/10/25,33,25,28,0.8,27.6
2017/10/26,39,16,26,10.6,27.5
2017/10/27,26,32,17,4,26.6
2017/10/28,23,20,21,0,27.9
2017/10/29,18,16,18,8.2,26.5
2017/10/30,15,16,17,0,26.8
2017/10/31,26,27,19,3.4,25.9
2017/11/1,26,16,23,0.6,27.3
2017/11/2,24,15,20,0,27.7
2017/11/3,16,21,16,1.4,28.1
2017/11/4,15,18,12,6.4,27.5
2017/11/5,15,10,23,0.8,28
2017/11/6,24,10,21,42.6,26.4
2017/11/7,22,17,12,1.8,26.6
2017/11/8,15,27,16,0.2,27.4
2017/11/9,15,14,20,33.2,26.2
2017/11/10,17,8,20,21.8,25.7
2017/11/11,20,18,12,10.6,25.8
2017/11/12,14,22,20,19.6,27.3
2017/11/13,22,10,17,4.2,27.6
2017/11/14,15,19,20,45,25.8
2017/11/15,25,23,22,0,27.3
2017/11/16,21,15,20,18,27.9
2017/11/17,19,31,19,3.2,26.9
2017/11/18,18,27,15,11.4,27.5
2017/11/19,20,22,19,0.2,27.9
2017/11/20,21,8,23,11.2,27.1
2017/11/21,23,23,19,13.8,25.8
2017/11/22,19,7,13,0,27.9
2017/11/23,11,13,10,6.2,26.5
2017/11/24,15,16,13,1,26.4
2017/11/25,14,14,12,0,28
2017/11/26,12,8,11,0,27.1
2017/11/27,12,26,9,3.4,26
2017/11/28,14,27,9,0.4,27.3
2017/11/29,11,31,7,14,27.2
2017/11/30,15,26,13,0,27.9
2017/12/1,16,30,13,0,28
2017/12/2,19,33,11,1,28.1
2017/12/3,19,23,15,0.6,28.3
2017/12/4,25,21,14,14,27
2017/12/5,22,30,20,3.2,27.7
2017/12/6,19,17,17,3.6,27.8
2017/12/7,14,18,10,32.4,26.4
2017/12/8,11,14,15,0,26.9
2017/12/9,27,31,14,0.6,26
2017/12/10,28,27,15,8.6,27.5
2017/12/11,23,20,21,9.2,27.1
2017/12/12,20,29,18,31.6,26
2017/12/13,20,35,19,69.8,26.1
2017/12/14,26,26,17,0.8,26.8
2017/12/15,22,18,16,19,26.8
2017/12/16,22,25,8,0,27.5
2017/12/17,25,26,14,0,27.6
2017/12/18,29,26,16,0.4,27.6
2017/12/19,23,28,16,0.4,26.3
2017/12/20,30,34,12,0,26.9
2017/12/21,29,30,16,0,27.6
2017/12/22,16,37,10,51.6,27.3
2017/12/23,14,23,8,4,27.4
2017/12/24,14,23,10,0,26.3
2017/12/25,14,24,14,23,26.6
2017/12/26,15,20,24,5.2,26.6
2017/12/27,16,18,19,15.4,26.2
2017/12/28,18,13,13,9,26.8
2017/12/29,19,10,13,0,27.7
2017/12/30,16,8,13,4.4,26.8
2017/12/31,10,19,13,63.4,25
2018/1/1,9,8,14,32.2,24.8
2018/1/2,15,13,18,0.8,25.5
2018/1/3,17,7,17,2,26.6
2018/1/4,18,10,11,0.2,26.1
2018/1/5,21,28,15,1,26
2018/1/6,20,19,14,0,26.8
2018/1/7,18,22,12,0,26.8
2018/1/8,20,16,17,45.8,26.4
2018/1/9,18,3,10,1.8,27.2
2018/1/10,14,6,8,29.8,24.5
2018/1/11,10,11,10,10.4,23.9
2018/1/12,10,12,13,9.8,23.1
2018/1/13,13,17,10,42.2,23
2018/1/14,13,15,15,6.8,23.4
2018/1/15,17,17,21,1.4,25.2
2018/1/16,23,15,19,0,26.2
2018/1/17,23,14,23,0,27.2
2018/1/18,22,17,21,0,27.2
2018/1/19,20,21,24,2.6,26.8
2018/1/20,18,23,17,22.8,26.4
2018/1/21,15,24,19,0.6,27.2
2018/1/22,19,11,17,5.6,27.5
2018/1/23,17,17,20,6.8,26.8
2018/1/24,17,13,12,1,26.7
2018/1/25,23,4,9,0.6,26.6
2018/1/26,26,11,7,0.6,26.4
2018/1/27,22,13,6,6.6,27.1
2018/1/28,21,21,7,12.2,26.3
2018/1/29,24,15,6,0,27.7
2018/1/30,28,10,8,40.8,26.9
2018/1/31,26,10,7,2.6,27.2
2018/2/1,28,5,13,0,28.1
2018/2/2,28,18,15,13,25.4
2018/2/3,41,25,9,0,27
2018/2/4,43,23,15,0.6,26.9
2018/2/5,46,21,20,0,27.1
2018/2/6,47,22,24,0,26.6
2018/2/7,43,24,19,0,26.1
2018/2/8,52,31,18,0,26.4
2018/2/9,51,27,20,0,26.3
2018/2/10,47,41,13,0,26.2
2018/2/11,49,33,15,0,26.8
2018/2/12,43,19,20,0,27.2
2018/2/13,36,17,15,0,27
2018/2/14,38,28,10,0,26.8
2018/2/15,36,39,15,0.2,27.3
2018/2/16,34,29,8,0,27.3
2018/2/17,34,30,10,0,27.6
2018/2/18,36,14,14,0,27.6
2018/2/19,31,16,13,0,27.5
2018/2/20,37,16,13,0,28
2018/2/21,39,18,13,0,28
2018/2/22,32,9,16,0,28.2
2018/2/23,26,8,13,0.8,28.1
2018/2/24,21,13,11,0.2,26.1
2018/2/25,33,12,14,0,27.4
2018/2/26,38,9,10,0,27.5
2018/2/27,24,8,6,0,27.6
2018/2/28,21,8,7,0,28.4
2018/3/1,19,8,10,0,28.1
2018/3/2,17,11,7,3.2,27.8
2018/3/3,18,12,12,0,28.6
2018/3/4,18,10,7,0,28.3
2018/3/5,23,12,10,0,28.6
2018/3/6,20,6,14,0,28.7
2018/3/7,19,7,14,5.8,26.4
2018/3/8,22,9,7,0.6,26.6
2018/3/9,23,10,4,0,28.4
2018/3/10,29,14,5,15.2,27.3
2018/3/11,30,13,5,0,28
2018/3/12,29,11,6,0,28
2018/3/13,25,12,10,0,28.2
2018/3/14,27,17,11,0,28.3
2018/3/15,23,15,9,0,28.5
2018/3/16,19,14,7,0,28.7
2018/3/17,17,13,7,0,28.9
2018/3/18,20,12,8,0,28.8
2018/3/19,19,12,18,0,28.9
2018/3/20,27,15,30,0,28.9
2018/3/21,26,12,14,0,28
2018/3/22,20,11,14,0,29
2018/3/23,20,15,13,0,28.8
2018/3/24,28,16,9,0,28.3
2018/3/25,20,15,15,7,26.7
2018/3/26,18,10,25,0,28.5
2018/3/27,21,23,31,10.2,25.4
2018/3/28,25,14,26,1.2,26.9
2018/3/29,25.32964864,18.30911962,14.14071661,0.2,26.7
2018/3/30,25.32964864,18.30911962,14.14071661,0.8,26.9
2018/3/31,43,26,14.14071661,0.4,27.9
2018/4/1,43,23,14.14071661,0.8,27.8
2018/4/2,37,27,14.14071661,0,28.5
2018/4/3,35,30,14.14071661,0,28.7
2018/4/4,32,24,14.14071661,0,28.6
2018/4/5,29,20,14.14071661,0,28.7
2018/4/6,29,19,14.14071661,3.8,28.1
2018/4/7,30,20,14.14071661,1.4,28.2
2018/4/8,26,21,14.14071661,0,28.9
2018/4/9,29,20,14.14071661,0,29.1
2018/4/10,25,19,14.14071661,0,28.7
2018/4/11,22,18,14.14071661,0,29.3
2018/4/12,20,12,14.14071661,0,29.7
2018/4/13,29,11,14.14071661,0,29.7
2018/4/14,43,16,14.14071661,0.4,28.4
2018/4/15,31,5,14.14071661,14,27.5
2018/4/16,37,12,14.14071661,1.6,26.6
2018/4/17,29,11,14.14071661,0.2,28.8
2018/4/18,30,8,14.14071661,0,29
2018/4/19,32,13,14.14071661,0.6,28.2
2018/4/20,32,13,14.14071661,0,28.5
2018/4/21,32,16,14.14071661,0.2,27.6
2018/4/22,31,15,14.14071661,0,28.3
2018/4/23,37,24,14.14071661,7.4,27.6
2018/4/24,40,23,14.14071661,0,28.7
2018/4/25,37,24,14.14071661,0,30.2
2018/4/26,36,16,14.14071661,14,28.4
2018/4/27,40,19,14.14071661,12,26.5
2018/4/28,37,16,14.14071661,0.2,27.7
2018/4/29,27,9,14.14071661,0,29.8
2018/4/30,32,9,14.14071661,4.6,29.1
2018/5/1,38,16,14.14071661,6.8,27.3
2018/5/2,45,20,14.14071661,0.6,28
2018/5/3,46,18,14.14071661,14.2,28.5
2018/5/4,36,16,14.14071661,0,29.3
2018/5/5,37,15,14.14071661,0,29.5
2018/5/6,41,19,14.14071661,0,29.8
2018/5/7,34,11,14.14071661,0,29.5
2018/5/8,31,14,14.14071661,0,30.1
2018/5/9,27,9,14.14071661,0,30.4
2018/5/10,29,10,14.14071661,0,29.4
2018/5/11,26,13,14.14071661,0,29.7
2018/5/12,27,11,14.14071661,0.2,30
2018/5/13,26,11,14.14071661,1.2,28.7
2018/5/14,28,13,14.14071661,0,28.9
2018/5/15,29,13,14.14071661,0.8,29.1
2018/5/16,44,14,14.14071661,5,28
2018/5/17,34,14,14.14071661,0,29.1
2018/5/18,37,23,14.14071661,1.2,28.5
2018/5/19,56,19,14.14071661,3,27.9
2018/5/20,50,26,14.14071661,0.2,27.4
2018/5/21,35,13,14.14071661,1,28.8
2018/5/22,39,15,14.14071661,0,28.9
2018/5/23,31,23,14.14071661,35.4,27.2
2018/5/24,30,17,14.14071661,0.8,28.3
2018/5/25,29,9,14.14071661,0,29.1
2018/5/26,32,16,14.14071661,10,27.8
2018/5/27,31,8,14.14071661,1.2,28.1
2018/5/28,29,15,14.14071661,47.4,27.4
2018/5/29,34,13,14.14071661,0.2,28.2
2018/5/30,35,8,14.14071661,0.2,27.9
2018/5/31,40,11,14.14071661,2.8,27.3
2018/6/1,40,35,14.14071661,24.2,27.9
2018/6/2,49,27,14.14071661,46.8,27.2
2018/6/3,34,18,14.14071661,0,29
2018/6/4,33,18,14.14071661,0.4,29.7
2018/6/5,38,17,14.14071661,0,29.5
2018/6/6,40,22,14.14071661,0,30.2
2018/6/7,42,14,14.14071661,0,30.3
2018/6/8,44,17,14.14071661,3.8,29.2
2018/6/9,45,14,14.14071661,0,29.3
2018/6/10,37,14,14.14071661,0,29.9
2018/6/11,38,11,14.14071661,0,30.2
2018/6/12,34,6,14.14071661,0,29.9
2018/6/13,33,7,14.14071661,1.4,28.5
2018/6/14,30,6,14.14071661,3.2,29.1
2018/6/15,30,14,14.14071661,6.8,27.1
2018/6/16,31,15,14.14071661,0,29.3
2018/6/17,29,6,14.14071661,0.4,29.6
2018/6/18,27,8,14.14071661,9.4,28.4
2018/6/19,32,3,14.14071661,0.6,27.9
2018/6/20,37,6,14.14071661,21.2,27.1
2018/6/21,50,6,14.14071661,0.6,27.7
2018/6/22,31,5,14.14071661,0,28.6
2018/6/23,31,12,14.14071661,0.6,27.4
2018/6/24,26,7,14.14071661,0,27.1
2018/6/25,27,5,14.14071661,15.2,26.8
2018/6/26,28,3,14.14071661,31.4,27
2018/6/27,25,8,14.14071661,10.6,26
2018/6/28,23,3,14.14071661,0,28.1
2018/6/29,22,8,14.14071661,6,26.3
2018/6/30,23,5,14.14071661,0,28.1
2018/7/1,24,9,14.14071661,1.8,27
2018/7/2,25,6,14.14071661,0,27.5
2018/7/3,28,12,14.14071661,31.4,27.3
2018/7/4,29,26,14.14071661,0,28.3
2018/7/5,34,26,14.14071661,0,28.9
2018/7/6,35,30,14.14071661,0,28.8
2018/7/7,30,27,14.14071661,32.4,28.4
2018/7/8,26,21,14.14071661,0,28.5
2018/7/9,24,17,14.14071661,0,28.8
2018/7/10,21,18,14.14071661,13.8,26.9
2018/7/11,26,23,14.14071661,0,28.2
2018/7/12,36,25,14.14071661,0,29.1
2018/7/13,43,24,14.14071661,0,29
2018/7/14,38,28,14.14071661,19.2,28.5
2018/7/15,35,27,14.14071661,25.6,27.3
2018/7/16,39,23,14.14071661,0,29
2018/7/17,39,26,14.14071661,0,29.1
2018/7/18,41,23,14.14071661,0,29.2
2018/7/19,39,24,14.14071661,8,28.2
2018/7/20,34,14,14.14071661,1,29
2018/7/21,27,20,14.14071661,0,28.6
2018/7/22,32,27,14.14071661,0,29.3
2018/7/23,36,23,14.14071661,0,29.7
2018/7/24,32,14,14.14071661,0,29.5
2018/7/25,26,21,14.14071661,5.2,27.7
2018/7/26,31,24,14.14071661,0,28.3
2018/7/27,38,31,14.14071661,0,29.2
2018/7/28,40,28,14.14071661,0,29.6
2018/7/29,34,16,14.14071661,0,29
2018/7/30,31,19,14.14071661,4.8,27.4
2018/7/31,29,8,14.14071661,0,27.8
2018/8/1,23,16,14.14071661,4.2,26.4
2018/8/2,26,23,14.14071661,0,28.1
2018/8/3,35,23,14.14071661,0,28.6
2018/8/4,34,22,14.14071661,27.2,28.1
2018/8/5,34,24,14.14071661,2.2,28.3
2018/8/6,42,23,14.14071661,0,28.8
2018/8/7,36,18,14.14071661,0,28.3
2018/8/8,33,21,14.14071661,6.8,26.6
2018/8/9,33,20,14.14071661,0,28.6
2018/8/10,37,29,14.14071661,0,29.2
2018/8/11,36,30,14.14071661,0,29.1
2018/8/12,39,25,14.14071661,0,29.4
2018/8/13,37,22,14.14071661,0,29.6
2018/8/14,39,25,14.14071661,0,29.8
2018/8/15,44,27,14.14071661,0,29.6
2018/8/16,40,20,14.14071661,0,29.4
2018/8/17,38,31,14.14071661,3,28.2
2018/8/18,47,32,14.14071661,0,29.1
2018/8/19,41,25,14.14071661,0.8,29.1
2018/8/20,37,22,14.14071661,0,29.4
2018/8/21,35,13,14.14071661,0,29.2
2018/8/22,32,17,14.14071661,31.6,27.2
2018/8/23,27,10,14.14071661,5,28.4
2018/8/24,27,16,14.14071661,34.6,26.9
2018/8/25,20,21,14.14071661,0,27.6
2018/8/26,30,20,14.14071661,0,29
2018/8/27,41,29,14.14071661,0,29.1
2018/8/28,35,20,14.14071661,0,28.6
2018/8/29,28,18,14.14071661,0,28.2
2018/8/30,25,13,14.14071661,6,28.2
2018/8/31,28,25,14.14071661,0.2,28
2018/9/1,38,8,14.14071661,0,28.1
2018/9/2,30,15,14.14071661,7.6,26.9
2018/9/3,25,5,14.14071661,2.6,27.7
2018/9/4,34,13,14.14071661,27.8,26
2018/9/5,34,21,14.14071661,0,27.5
2018/9/6,42,7,14.14071661,0,28.3
2018/9/7,37,14,14.14071661,6,26.7
2018/9/8,29,13,14.14071661,45,26.7
2018/9/9,28,14,14.14071661,15.4,27.4
2018/9/10,39,8,14.14071661,2.4,27.3
2018/9/11,27,12,14.14071661,1,26.5
2018/9/12,29,21,14.14071661,0,27.6
2018/9/13,37,26,14.14071661,0,29
2018/9/14,40,24,14.14071661,0,29
2018/9/15,41,27,14.14071661,0,28.7
2018/9/16,38,27,14.14071661,0,28.7
2018/9/17,36,16,14.14071661,0,28.9
2018/9/18,35,20,14.14071661,1.2,27.6
2018/9/19,32,22,14.14071661,0.2,27.3
2018/9/20,28,12,14.14071661,3.6,26.8
2018/9/21,24,21,14.14071661,26,26.5
2018/9/22,30,25,14.14071661,5.6,27.1
2018/9/23,33,28,14.14071661,0,28.7
2018/9/24,38,27,14.14071661,0,28.9
2018/9/25,35,20,14.14071661,0,29
2018/9/26,35,18,14.14071661,0,28.7
2018/9/27,35,20,14.14071661,0,29.4
2018/9/28,39,31,14.14071661,0,29.5
2018/9/29,37,29,14.14071661,0,29.3
2018/9/30,36,26,14.14071661,0,29.3
2018/10/1,37,27,14.14071661,0,29.5
2018/10/2,43,19,14.14071661,0,29.5
2018/10/3,40,24,14.14071661,0,29.7
2018/10/4,39,26,14.14071661,0,30.1
2018/10/5,39,18,14.14071661,0,29.9
2018/10/6,30,11,14.14071661,8.8,28.3
2018/10/7,27,14,14.14071661,11,27.3
2018/10/8,30,8,14.14071661,4.8,27.4
2018/10/9,34,17,14.14071661,45.4,26.8
2018/10/10,25,17,14.14071661,60.6,26.5
2018/10/11,20,11,14.14071661,1.2,27
2018/10/12,19,9,14.14071661,58.8,26.2
2018/10/13,26,8,14.14071661,2.4,26.6
2018/10/14,26,23,14.14071661,4.2,25.6
2018/10/15,38,17,14.14071661,0,28
2018/10/16,36,13,14.14071661,0,27.8
2018/10/17,30,15,14.14071661,8.2,27.4
2018/10/18,22,25,14.14071661,4.6,26.9
2018/10/19,26,26,14.14071661,4.8,28.2
2018/10/20,29,22,14.14071661,9.2,28.8
2018/10/21,39,23,14.14071661,0,29.1
2018/10/22,28,18,14.14071661,0,28.7
2018/10/23,30,18,14.14071661,0,27.9
2018/10/24,36,16,14.14071661,0.8,27.5
2018/10/25,47,36,14.14071661,0,27.4
2018/10/26,41,21,14.14071661,0,28.6
2018/10/27,28,24,14.14071661,3.6,27.6
2018/10/28,26,16,14.14071661,5.2,26.9
2018/10/29,28,12,14.14071661,0.4,27.9
2018/10/30,25,15,14.14071661,0.4,28.3
2018/10/31,24,17,14.14071661,0,27.6
2018/11/1,28,20,14.14071661,0.2,26.4
2018/11/2,27,9,14.14071661,7.8,26.8
2018/11/3,28,16,14.14071661,0.4,27.5
2018/11/4,26,16,14.14071661,3.4,27.8
2018/11/5,25,19,14.14071661,0.4,27.8
2018/11/6,19,28,14.14071661,3.8,27
2018/11/7,18,26,14.14071661,12,27.7
2018/11/8,32,7,14.14071661,5.4,27.5
2018/11/9,35,34,14.14071661,1.6,26.8
2018/11/10,28,18,14.14071661,0,27.6
2018/11/11,21,36,14.14071661,0.8,26.9
2018/11/12,19,17,14.14071661,12.4,27.5
2018/11/13,20,15,14.14071661,2.4,27.1
2018/11/14,27,7,14.14071661,2,27.7
2018/11/15,28,16,14.14071661,4.6,26.6
2018/11/16,28,15,14.14071661,0.8,27.6
2018/11/17,23,25,14.14071661,18.4,27.2
2018/11/18,21,20,14.14071661,7.4,26.5
2018/11/19,22,16,14.14071661,20.6,26.9
2018/11/20,19,22,14.14071661,4,27.7
2018/11/21,14,20,14.14071661,13.2,26.4
2018/11/22,17,15,14.14071661,2,26.9
2018/11/23,20,28,14.14071661,4,27.5
2018/11/24,25,24,14.14071661,0,28.2
2018/11/25,19,18,14.14071661,4.8,27.6
2018/11/26,26,13,14.14071661,14.4,27.5
2018/11/27,21,18,14.14071661,9.6,26.6
2018/11/28,23,11,14.14071661,0,28.2
2018/11/29,20,10,14.14071661,5.6,28
2018/11/30,19,15,14.14071661,7.6,27.3
2018/12/1,15,13,14.14071661,7,27
2018/12/2,14,10,14.14071661,0.4,27.5
2018/12/3,20,20,14.14071661,2.6,26.9
2018/12/4,20,14,14.14071661,0,27.8
2018/12/5,21,17,14.14071661,2.8,27.6
2018/12/6,22,17,14.14071661,4.6,27.1
2018/12/7,21,18,14.14071661,1,27.4
2018/12/8,23,19,14.14071661,0,28.1
2018/12/9,23,13,14.14071661,0,28.4
2018/12/10,21,11,14.14071661,0.2,27.4
2018/12/11,18,13,14.14071661,33.2,26.6
2018/12/12,19,10,14.14071661,0.2,27.3
2018/12/13,17,17,14.14071661,0,26.5
2018/12/14,22,21,14.14071661,0,26.9
2018/12/15,19,27,14.14071661,0,27.2
2018/12/16,18,25,14.14071661,43.8,26.3
2018/12/17,17,25,14.14071661,0,27.3
2018/12/18,22,25,14.14071661,0.2,27.9
2018/12/19,22,25,14.14071661,0.2,28
2018/12/20,17,15,14.14071661,15.6,27.4
2018/12/21,22,21,14.14071661,3.2,27.5
2018/12/22,31,41,14.14071661,0,28.1
2018/12/23,33,43,14.14071661,0.6,27.9
2018/12/24,29,34,14.14071661,0,28.1
2018/12/25,22,28,14.14071661,0.2,27.8
2018/12/26,18,28,14.14071661,0.2,28.6
2018/12/27,23,33,14.14071661,0,27.9
2018/12/28,25,31,14.14071661,0,29.2
2018/12/29,25,31,14.14071661,0,28.4
2018/12/30,25.32964864,18.30911962,14.14071661,17.4,28
2018/12/31,16,29,14.14071661,39.2,27.1
2019/1/1,19,41,14.14071661,0,28.2
2019/1/2,27,41,14.14071661,0,29.1
2019/1/3,24,36,14.14071661,0,29.6
2019/1/4,29,37,14.14071661,0,29.7
2019/1/5,29,23,14.14071661,0,28
2019/1/6,25,18,14.14071661,0,28.6
2019/1/7,25,14,14.14071661,0,28.9
2019/1/8,25,18,14.14071661,0.6,28.2
2019/1/9,24,18,14.14071661,0,28.5
2019/1/10,22,18,14.14071661,0,28.6
2019/1/11,22,20,14.14071661,5.8,27.9
2019/1/12,19,17,14.14071661,0,28.1
2019/1/13,21,16,14.14071661,0,28
2019/1/14,25,24,14.14071661,0,27.9
2019/1/15,21,22,14.14071661,0,28.3
2019/1/16,16,14,14.14071661,0,28.1
2019/1/17,14,11,14.14071661,16.2,26.9
2019/1/18,26,16,14.14071661,38.2,25.8
2019/1/19,25,18,14.14071661,0,27.2
2019/1/20,24,17,14.14071661,0,28.1
2019/1/21,23,18,14.14071661,1.4,27.8
2019/1/22,22,24,14.14071661,0,27.6
2019/1/23,34,26,14.14071661,0.2,28
2019/1/24,36,28,14.14071661,0,27.6
2019/1/25,31,26,14.14071661,0.4,27.2
2019/1/26,27,21,14.14071661,0,27.4
2019/1/27,21,17,14.14071661,0,27.9
2019/1/28,21,20,14.14071661,0.6,26.8
2019/1/29,23,20,14.14071661,0.2,27.8
2019/1/30,24,21,14.14071661,0,27.8
2019/1/31,25,18,14.14071661,0,27.6
2019/2/1,21,18,14.14071661,0,28.1
2019/2/2,20,18,14.14071661,0.2,28.2
2019/2/3,19,19,14.14071661,0,28.4
2019/2/4,20,20,14.14071661,0,28.7
2019/2/5,18,23,14.14071661,0,28.2
2019/2/6,20,23,14.14071661,0,27.7
2019/2/7,20,20,14.14071661,0,28.1
2019/2/8,18,22,14.14071661,0,28.7
2019/2/9,18,17,14.14071661,0,28.8
2019/2/10,19,29,14.14071661,0,28.5
2019/2/11,21,28,14.14071661,0,27.7
2019/2/12,22,19,14.14071661,0,28.3
2019/2/13,28,20,14.14071661,0,28.8
2019/2/14,27,19,14.14071661,0,28.5
2019/2/15,22,21,14.14071661,0,27.9
2019/2/16,24,24,14.14071661,0,28.2
2019/2/17,25,28,14.14071661,9.2,27.2
2019/2/18,22,23,14.14071661,8.6,26.8
2019/2/19,24,18,14.14071661,13.4,28
2019/2/20,25,19,14.14071661,0,28.2
2019/2/21,23,19,14.14071661,0,28.6
2019/2/22,29,25,14.14071661,0,28.6
2019/2/23,25,30,14.14071661,0,28.3
2019/2/24,27,24,14.14071661,0,28
2019/2/25,32,16,14.14071661,0,28.6
2019/2/26,27,19,14.14071661,0,28.7
2019/2/27,33,20,14.14071661,0.2,28
2019/2/28,37,23,14.14071661,0,28.3
2019/3/1,27,29,14.14071661,0,28.5
2019/3/2,29,33,14.14071661,0,28.4
2019/3/3,29,36,14.14071661,0,27.9
2019/3/4,31,40,14.14071661,0,28.1
2019/3/5,31,22,14.14071661,0,28.8
2019/3/6,25,29,14.14071661,0,28.5
2019/3/7,37,35,14.14071661,0,29.4
2019/3/8,37,31,14.14071661,0,29.3
2019/3/9,21,20,14.14071661,0,29.2
2019/3/10,22,20,14.14071661,0,29.2
2019/3/11,23,31,14.14071661,25.8,27.4
2019/3/12,20,26,14.14071661,1.2,28.2
2019/3/13,24,27,14.14071661,0,28.9
2019/3/14,26,25,14.14071661,0,28.9
2019/3/15,25,20,14.14071661,0,28.8
2019/3/16,25,31,14.14071661,0,28.7
2019/3/17,29,28,14.14071661,0,28.8
2019/3/18,33,26,14.14071661,0,28.7
2019/3/19,30,25,14.14071661,0,28.9
2019/3/20,26,33,14.14071661,0,29.3
2019/3/21,24,37,14.14071661,8.8,28
2019/3/22,35,36,14.14071661,0,28.7
2019/3/23,35,29,14.14071661,0,29.3
2019/3/24,34,18,14.14071661,0,29
2019/3/25,28,18,14.14071661,6.6,28.6
2019/3/26,30,22,14.14071661,0.8,29.6
2019/3/27,37,18,14.14071661,0,30
2019/3/28,28,24,14.14071661,29,27.9
2019/3/29,30,26,14.14071661,0,28.8
2019/3/30,35,32,14.14071661,0,27.6
2019/3/31,26,18,14.14071661,0,28.4
2019/4/1,25,27,14.14071661,26,27.2
2019/4/2,30,28,14.14071661,0,28.1
2019/4/3,21,22,14.14071661,31,26.7
2019/4/4,20,25,14.14071661,0,28.5
2019/4/5,23,27,14.14071661,0,28.9
2019/4/6,28,35,14.14071661,0,28.6
2019/4/7,22,25,14.14071661,0,28.8
2019/4/8,24,22,14.14071661,0,29
2019/4/9,26,22,14.14071661,0,29.3
2019/4/10,33,9,14.14071661,6,28.2
2019/4/11,31,18,14.14071661,31.2,27.4
2019/4/12,27,20,14.14071661,0,28.5
2019/4/13,16,16,14.14071661,0,29.2
2019/4/14,15,19,14.14071661,0,28.8
2019/4/15,16,21,14.14071661,0.2,29.1
2019/4/16,22,32,14.14071661,0,29.9
2019/4/17,26,23,14.14071661,0,30.1
2019/4/18,23,27,14.14071661,0,30
2019/4/19,25,11,14.14071661,0,29
2019/4/20,31,26,14.14071661,21.2,27.7
2019/4/21,22,17,14.14071661,0,29.7
2019/4/22,27,14,14.14071661,0,29.2
2019/4/23,25,18,14.14071661,0,28.7
2019/4/24,28,23,14.14071661,0,28.9
2019/4/25,33,6,14.14071661,0,29.2
2019/4/26,16,8,14.14071661,52.4,26.3
2019/4/27,20,33,14.14071661,6.2,27.6
2019/4/28,24,26,14.14071661,0.6,29.1
2019/4/29,25,16,14.14071661,0,29.5
2019/4/30,33,33,14.14071661,0,28.2
2019/5/1,35,28,14.14071661,0,29.4
2019/5/2,49,29,14.14071661,3.8,28.9
2019/5/3,38,13,14.14071661,0,29.4
2019/5/4,28,25,14.14071661,0.2,29.2
2019/5/5,15,23,14.14071661,3.2,29
2019/5/6,20,24,14.14071661,0,30.7
2019/5/7,21,9,14.14071661,0,30.3
2019/5/8,24,16,14.14071661,15.4,27.4
2019/5/9,24,22,14.14071661,0,30
2019/5/10,30,8,14.14071661,5.6,29.5
2019/5/11,32,30,14.14071661,11,28.7
2019/5/12,31,18,14.14071661,0,29.6
2019/5/13,31,19,14.14071661,0,29.4
2019/5/14,23,12,14.14071661,0.2,29.5
2019/5/15,22,15,14.14071661,0.8,29.5
2019/5/16,20,20,14.14071661,0,29.2
2019/5/17,20,18,14.14071661,17.2,28.3
2019/5/18,17,16,14.14071661,0,29.1
2019/5/19,19,19,14.14071661,0.2,28.2
2019/5/20,17,15,14.14071661,0,29
2019/5/21,25,11,14.14071661,6,28.4
2019/5/22,18,16,14.14071661,0,28.4
2019/5/23,15,20,14.14071661,0,29.6
2019/5/24,17,13,14.14071661,0,30.1
2019/5/25,13,17,14.14071661,0,29.5
2019/5/26,14,14,14.14071661,0,29.9
2019/5/27,13,13,14.14071661,0,29.7
2019/5/28,15,15,14.14071661,0,30.1
2019/5/29,18,7,14.14071661,0,29.9
2019/5/30,19,14,14.14071661,5,28.2
2019/5/31,18,18,14.14071661,0.4,29
2019/6/1,16,34,14.14071661,0,28.3
2019/6/2,18,15,14.14071661,13.6,28.6
2019/6/3,19,12,14.14071661,37.6,26.9
2019/6/4,20,13,14.14071661,0,28.3
2019/6/5,17,6,14.14071661,0,29.4
2019/6/6,15,5,14.14071661,4,27.1
2019/6/7,23,6,14.14071661,10.6,26.1
2019/6/8,19,10,14.14071661,0.6,27.4
2019/6/9,19,14,14.14071661,0.2,28.9
2019/6/10,20,12,14.14071661,0,30
2019/6/11,13,9,14.14071661,0,29.9
2019/6/12,14,7,14.14071661,18.2,27.2
2019/6/13,16,10,14.14071661,2.8,28.7
2019/6/14,16,12,14.14071661,5,28.9
2019/6/15,17,14,14.14071661,0,28.7
2019/6/16,12,11,14.14071661,0,29.3
2019/6/17,16,5,14.14071661,0,29.2
2019/6/18,18,5,14.14071661,9.8,27.1
2019/6/19,19,6,14.14071661,1.4,27.9
2019/6/20,19,13,14.14071661,4.4,28.6
2019/6/21,17,12,14.14071661,28,27.8
2019/6/22,15,19,14.14071661,18.6,26.8
2019/6/23,17,14,14.14071661,0,28.6
2019/6/24,25,20,14.14071661,0.6,28.9
2019/6/25,27,10,14.14071661,0,29.5
2019/6/26,27,17,14.14071661,0,28.3
2019/6/27,22,15,14.14071661,0,29.2
2019/6/28,27,16,14.14071661,0,29.6
2019/6/29,25,16,14.14071661,18.4,28.6
2019/6/30,23,18,14.14071661,0,28.8
2019/7/1,28,20,14.14071661,0,29.4
2019/7/2,32,16,14.14071661,0,29.7
2019/7/3,35,18,14.14071661,0.2,28.7
2019/7/4,25,14,14.14071661,0,29.3
2019/7/5,18,14,14.14071661,0,29.5
2019/7/6,18,13,14.14071661,0.2,29.3
2019/7/7,18,9,14.14071661,0,28.9
2019/7/8,17,11,14.14071661,1.2,28.2
2019/7/9,22,21,14.14071661,0.6,27.9
2019/7/10,23,19,14.14071661,0,29.4
2019/7/11,23,13,14.14071661,0,29.6
2019/7/12,20,16,14.14071661,0,29.2
2019/7/13,20,21,14.14071661,0,29.4
2019/7/14,25,20,14.14071661,0,29.7
2019/7/15,24,18,14.14071661,2,27.2
2019/7/16,29,24,14.14071661,0.6,28.7
2019/7/17,30,24,14.14071661,0,29.1
2019/7/18,27,18,14.14071661,0,29.3
2019/7/19,25,19,14.14071661,0,29.2
2019/7/20,25,17,14.14071661,0,29.4
2019/7/21,18,15,14.14071661,0,28.8
2019/7/22,18,7,14.14071661,0,28.4
2019/7/23,24,12,14.14071661,6.6,27.6
2019/7/24,24,19,14.14071661,0,28.9
2019/7/25,24,21,14.14071661,0,29.1
2019/7/26,25,20,14.14071661,0,29.1
2019/7/27,25,17,14.14071661,0,29.3
2019/7/28,22,20,14.14071661,0.8,29
2019/7/29,29,22,14.14071661,0,29.7
2019/7/30,34,22,14.14071661,0,29.4
2019/7/31,32,23,14.14071661,0,29.4
2019/8/1,32,22,14.14071661,0,29.4
2019/8/2,30,18,14.14071661,0,29.5
2019/8/3,29,18,14.14071661,0,29.3
2019/8/4,31,22,14.14071661,0,29.4
2019/8/5,41,23,14.14071661,0,29.3
2019/8/6,40,26,14.14071661,1.6,29.1
2019/8/7,41,28,14.14071661,2.4,28.7
2019/8/8,38,29,14.14071661,0,29.2
2019/8/9,37,24,14.14071661,0,29.2
2019/8/10,35,24,14.14071661,0,29.2
2019/8/11,33,24,14.14071661,0,29.6
2019/8/12,34,20,14.14071661,0,29.8
2019/8/13,32,19,14.14071661,0,29.5
2019/8/14,31,14,14.14071661,0,29.3
2019/8/15,32,23,14.14071661,0,29.5
2019/8/16,39,21,14.14071661,0,29.8
2019/8/17,38,24,14.14071661,0,29.5
2019/8/18,32,19,14.14071661,0,29.7
2019/8/19,33,24,14.14071661,0,29.5
2019/8/20,35,22,14.14071661,0,29.5
2019/8/21,32,16,14.14071661,0,29.4
2019/8/22,31,20,14.14071661,0,29.4
2019/8/23,36,24,14.14071661,0,29.6
2019/8/24,37,21,14.14071661,0,29.4
2019/8/25,44,21,14.14071661,3.8,28.5
2019/8/26,33,13,14.14071661,2.2,27.8
2019/8/27,30,12,14.14071661,1.2,27
2019/8/28,25,17,14.14071661,0.6,26.8
2019/8/29,29,17,14.14071661,0,28.9
2019/8/30,30,26,14.14071661,0,28.9
2019/8/31,35,25,14.14071661,0,29.1
2019/9/1,37,21,14.14071661,0,29.3
2019/9/2,38,19,14.14071661,0,29.7
2019/9/3,35,18,14.14071661,0,29.5
2019/9/4,34,28,14.14071661,0,29.3
2019/9/5,41,29,14.14071661,0,29.4
2019/9/6,42,32,14.14071661,0,29.3
2019/9/7,43,30,14.14071661,0,29.5
2019/9/8,49,29,14.14071661,0,29.4
2019/9/9,55,26,14.14071661,0,29.5
2019/9/10,50,23,14.14071661,0,29.3
2019/9/11,47,31,14.14071661,0,29.4
2019/9/12,57,31,14.14071661,0,29.4
2019/9/13,58,28,14.14071661,0,29.3
2019/9/14,67,36,14.14071661,0,28.6
2019/9/15,55,32,14.14071661,0,28.9
2019/9/16,57,33,14.14071661,0,29
2019/9/17,68,31,14.14071661,0,29.2
2019/9/18,70,26,14.14071661,0,29.3
2019/9/19,42,21,14.14071661,0,29.4
2019/9/20,58,33,14.14071661,0,29.1
2019/9/21,63,36,14.14071661,0,29.4
2019/9/22,67,23,14.14071661,0,29.3
2019/9/23,55,21,14.14071661,3.8,28.3
2019/9/24,37,11,14.14071661,1.2,29
2019/9/25,31,54,14.14071661,16.4,26.8
2019/9/26,43,25,14.14071661,0,28.5
2019/9/27,39,33,14.14071661,0,29.2
2019/9/28,41,26,14.14071661,0,28.9
2019/9/29,29,18,14.14071661,0,28.4
2019/9/30,32,13,14.14071661,1.4,27.5
2019/10/1,32,13,14.14071661,1.6,28
2019/10/2,31,15,14.14071661,4,26.4
2019/10/3,23,13,14.14071661,0,27.2
2019/10/4,17,19,14.14071661,0.8,28.1
2019/10/5,22,20,14.14071661,0.6,28.6
2019/10/6,27,8,14.14071661,7.6,27.9
2019/10/7,22,12,14.14071661,12.4,27.3
2019/10/8,29,11,14.14071661,0,27.9
2019/10/9,30,34,14.14071661,0,28
2019/10/10,36,14,14.14071661,0,28.6
2019/10/11,23,12,14.14071661,0,28.9
2019/10/12,32,14,14.14071661,0.2,28.7
2019/10/13,27,17,14.14071661,0,28.9
2019/10/14,32,16,14.14071661,0,29.2
2019/10/15,29,22,14.14071661,0,28.9
2019/10/16,23,7,14.14071661,1.6,29
2019/10/17,31,13,14.14071661,0.2,28.8
2019/10/18,33,21,14.14071661,0,28.5
2019/10/19,36,16,14.14071661,0,29.2
2019/10/20,22,7,14.14071661,6.2,28.5
2019/10/21,30,4,14.14071661,0,28.5
2019/10/22,21,14,14.14071661,28.8,26.5
2019/10/23,36,13,14.14071661,0.6,27.4
2019/10/24,33,19,14.14071661,0,28.1
2019/10/25,23,12,14.14071661,0,29.4
2019/10/26,22,27,14.14071661,4.8,27.3
2019/10/27,21,13,14.14071661,92.2,27.2
2019/10/28,20,38,14.14071661,15.2,26.1
2019/10/29,33,24,14.14071661,0,28.5
2019/10/30,38,18,14.14071661,0,28.3
2019/10/31,39,23,14.14071661,0,28.4
2019/11/1,32,4,14.14071661,14.8,27.8
2019/11/2,34,29,14.14071661,0,29.3
2019/11/3,27,5,14.14071661,0,28.3
2019/11/4,45,16,14.14071661,3.8,28.6
2019/11/5,41,22,14.14071661,0,28.2
2019/11/6,44,29,14.14071661,0.2,29.4
2019/11/7,35,21,14.14071661,0,29.9
2019/11/8,25,29,14.14071661,1.4,28.2
2019/11/9,39,27,14.14071661,0,28.2
2019/11/10,33,16,14.14071661,0,28.9
2019/11/11,40,19,14.14071661,0,29.1
2019/11/12,52,42,14.14071661,0,28.7
2019/11/13,47,20,14.14071661,0,29
2019/11/14,29,18,14.14071661,0,27.6
2019/11/15,20,24,14.14071661,1.2,27.2
2019/11/16,28,29,14.14071661,0,28.4
2019/11/17,25,26,14.14071661,0,29
2019/11/18,23,14,14.14071661,0.2,28.4
2019/11/19,22,8,14.14071661,0,28
2019/11/20,18,11,14.14071661,4,26.3
2019/11/21,15,16,14.14071661,0.8,26.5
2019/11/22,15,16,14.14071661,0.4,26.4
2019/11/23,13,22,14.14071661,0.4,26.7
2019/11/24,17,24,14.14071661,16.6,26.6
2019/11/25,15,15,14.14071661,0,27.8
2019/11/26,15,13,14.14071661,0,28.5
2019/11/27,21,11,14.14071661,1.8,27.5
2019/11/28,20,11,14.14071661,9,27.8
2019/11/29,16,14,14.14071661,73.4,26.5
2019/11/30,17,28,14.14071661,9.4,27.6
2019/12/1,15,14,14.14071661,0,28.3
2019/12/2,19,16,14.14071661,59.6,26.7
2019/12/3,33,21,14.14071661,0,27.8
2019/12/4,35,22,14.14071661,0,28.2
2019/12/5,32,28,14.14071661,0,27.6
2019/12/6,29,34,14.14071661,0,27.9
2019/12/7,26,26,14.14071661,0.2,28
2019/12/8,15,19,14.14071661,3,26.1
2019/12/9,17,16,14.14071661,74.2,24.6
2019/12/10,19,10,14.14071661,22.2,25
2019/12/11,15,22,14.14071661,33.2,24.1
2019/12/12,26,18,14.14071661,3.4,27
2019/12/13,13,9,14.14071661,64.2,25.1
2019/12/14,12,7,14.14071661,43.8,24.4
2019/12/15,11,15,14.14071661,62.8,24.2
2019/12/16,15,7,14.14071661,0,25.9
2019/12/17,20,20,14.14071661,13.4,25.3
2019/12/18,19,16,14.14071661,34.8,26.1
2019/12/19,17,12,14.14071661,0,26.8
2019/12/20,21,11,14.14071661,0,27.3
2019/12/21,15,14,14.14071661,3.9,27.2
2019/12/22,17,15,14.14071661,0,26.9
2019/12/23,20,12,14.14071661,2.8,27.4
2019/12/24,20,17,14.14071661,0,27.5
2019/12/25,21,17,14.14071661,0,27.5
2019/12/26,21,16,14.14071661,0,27.1
2019/12/27,23,20,14.14071661,0,27.7
2019/12/28,26,22,14.14071661,0,27.7
2019/12/29,25.32964864,18.30911962,14.14071661,0,27.9
2019/12/30,25.32964864,18.30911962,14.14071661,0,28
2019/12/31,21,21,14.14071661,0,27.8
2020/1/1,23,18,14.14071661,0,27.9
2020/1/2,26,18,14.14071661,0,27.6
2020/1/3,25,17,14.14071661,0,28
2020/1/4,26,20,14.14071661,0,27.6
2020/1/5,24,18,14.14071661,0,27.8
2020/1/6,15,15,14.14071661,11,26.4
2020/1/7,15,15,14.14071661,4.8,26.1
2020/1/8,22,16,14.14071661,0,27.6
2020/1/9,24,13,14.14071661,0,27.8
2020/1/10,24,17,14.14071661,2.4,27.1
2020/1/11,24,29,14.14071661,0,27.4
2020/1/12,25,22,14.14071661,0,27.7
2020/1/13,24,19,14.14071661,0,27.6
2020/1/14,25,20,14.14071661,0,27.5
2020/1/15,28,18,14.14071661,0,27.9
2020/1/16,39,16,14.14071661,0,28
2020/1/17,27,14,14.14071661,0,28.1
2020/1/18,20,18,14.14071661,0,28.2
2020/1/19,25,15,14.14071661,0,28.5
2020/1/20,22,10,14.14071661,0,28.4
2020/1/21,25,17,14.14071661,14.2,26.6
2020/1/22,23,18,14.14071661,0,28.2
2020/1/23,21,21,14.14071661,0,28.2
2020/1/24,22,25,14.14071661,0,28
2020/1/25,21,30,14.14071661,0,28.1
2020/1/26,21,23,14.14071661,0,28.3
2020/1/27,20,26,14.14071661,38,27.8
2020/1/28,20,15,14.14071661,0,28.6
2020/1/29,12,20,14.14071661,18,27
2020/1/30,18,25,14.14071661,0,27.2
2020/1/31,24,25,14.14071661,0,28.5
2020/2/1,31,25,14.14071661,0,28.3
2020/2/2,30,26,14.14071661,0,27.9
2020/2/3,30,28,14.14071661,0,28
2020/2/4,27,23,14.14071661,0,27.5
2020/2/5,24,24,14.14071661,0,27.8
2020/2/6,25,23,14.14071661,0,28.1
2020/2/7,28,22,14.14071661,0,28
2020/2/8,24,14,14.14071661,0,27.7
2020/2/9,13,22,14.14071661,14.6,26.2
2020/2/10,16,8,14.14071661,0,27
2020/2/11,16,15,14.14071661,23.8,26.9
2020/2/12,26,16,14.14071661,0,27.9
2020/2/13,30,17,14.14071661,0,28.4
2020/2/14,25,31,14.14071661,0,28.4
2020/2/15,24,36,14.14071661,0,28.3
2020/2/16,22,20,14.14071661,0,28.2
2020/2/17,16,14,14.14071661,0,28.6
2020/2/18,24,20,14.14071661,1.6,26.8
2020/2/19,25,21,14.14071661,0.6,28.1
2020/2/20,23,17,14.14071661,3.6,27.8
2020/2/21,26,22,14.14071661,15.8,27.2
2020/2/22,27,22,14.14071661,0.4,28.2
2020/2/23,25,17,14.14071661,0,28.1
2020/2/24,30,20,14.14071661,4.6,27
2020/2/25,28,19,14.14071661,0,28.2
2020/2/26,23,17,14.14071661,0,28.4
2020/2/27,23,19,14.14071661,0,28.3
2020/2/28,27,24,14.14071661,0,28.4
2020/2/29,23,21,14.14071661,0,28.2
2020/3/1,18,21,14.14071661,0,28.1
2020/3/2,18,16,14.14071661,0,28.3
2020/3/3,25,21,14.14071661,0,28.5
2020/3/4,24,14,14.14071661,0,28.9
2020/3/5,25,26,14.14071661,0,28.2
2020/3/6,17,18,14.14071661,0,28.2
2020/3/7,19,31,14.14071661,27.6,28
2020/3/8,29,40,14.14071661,12.4,27.8
2020/3/9,33,37,14.14071661,0,28.4
2020/3/10,35,36,14.14071661,0,28.9
2020/3/11,33,25,14.14071661,0,29.1
2020/3/12,26,24,14.14071661,0,28.9
2020/3/13,24,24,14.14071661,0,29.3
2020/3/14,27,21,14.14071661,0,29.1
2020/3/15,24,17,14.14071661,0,29.3
2020/3/16,29,21,14.14071661,0.4,29
2020/3/17,29,18,14.14071661,0,28.8
2020/3/18,26,25,14.14071661,0,29
2020/3/19,28,25,14.14071661,0,28.6
2020/3/20,25,20,14.14071661,0.2,28.3
2020/3/21,22,17,14.14071661,47.4,27.6
2020/3/22,20,9,14.14071661,0.8,28
2020/3/23,19,16,14.14071661,19.8,26.6
2020/3/24,21,15,14.14071661,0.2,28.1
2020/3/25,24,17,14.14071661,0,28.6
2020/3/26,21,15,14.14071661,0,29.3
2020/3/27,22,17,14.14071661,0,29.3
2020/3/28,23,14,14.14071661,0,29.2
2020/3/29,25.32964864,18.30911962,14.14071661,0,29.1
2020/3/30,25.32964864,18.30911962,14.14071661,0,29.1
2020/3/31,24,24,14.14071661,0,29.5
2020/4/1,21,20,14.14071661,0,29.3
2020/4/2,20,13,14.14071661,29.6,28.8
2020/4/3,20,13,14.14071661,27.4,28.5
2020/4/4,23,16,14.14071661,0,29.5
2020/4/5,23,13,14.14071661,0,29.2
2020/4/6,17,25,14.14071661,0,28.6
2020/4/7,17,21,14.14071661,10.8,27.9
2020/4/8,19,25,14.14071661,16.8,28.1
2020/4/9,21,30,14.14071661,0,28.8
2020/4/10,21,25,14.14071661,0,28.8
2020/4/11,19,20,14.14071661,0,28.8
2020/4/12,19,18,14.14071661,0,28.7
2020/4/13,22,27,14.14071661,0,29.5
2020/4/14,24,26,14.14071661,0,29.6
2020/4/15,25,23,14.14071661,0,29.6
2020/4/16,25,26,14.14071661,0,29.5
2020/4/17,24,27,14.14071661,0,29.4
2020/4/18,21,24,14.14071661,0,29.5
2020/4/19,17,20,14.14071661,0,30
2020/4/20,21,15,14.14071661,0,30.2
2020/4/21,19,13,14.14071661,0.8,29.5
2020/4/22,18,11,14.14071661,0,30
2020/4/23,27,16,14.14071661,0,28.9
2020/4/24,25,15,14.14071661,3.4,28
2020/4/25,29,22,14.14071661,2.4,27.8
2020/4/26,23,13,14.14071661,4.4,27.6
2020/4/27,23,24,14.14071661,1.6,27.5
2020/4/28,21,27,14.14071661,27.6,28.2
2020/4/29,26,18,14.14071661,11.4,28.4
2020/4/30,23,15,14.14071661,51.8,27.3
2020/5/1,23,21,14.14071661,22.4,26.5
2020/5/2,21,21,14.14071661,0,28.2
2020/5/3,23,11,14.14071661,1,28.5
2020/5/4,34,34,14.14071661,5.2,27.8
2020/5/5,30,19,14.14071661,31,28.1
2020/5/6,26,30,14.14071661,15.2,28.1
2020/5/7,32,17,14.14071661,0,29.6
2020/5/8,20,19,14.14071661,53.8,29.1
2020/5/9,19,12,14.14071661,0,30.4
2020/5/10,19,12,14.14071661,0,29.9
2020/5/11,20,19,14.14071661,23,29.3
2020/5/12,23,19,14.14071661,0,29.7
2020/5/13,29,29,14.14071661,19.2,27.9
2020/5/14,34,19,14.14071661,0,28.9
2020/5/15,24,12,14.14071661,0,29.7
2020/5/16,21,12,14.14071661,0,29.9
2020/5/17,21,22,14.14071661,29.8,28.5
2020/5/18,29,23,14.14071661,0.2,29
2020/5/19,28,10,14.14071661,4,29.8
2020/5/20,32,37,14.14071661,16.2,28.8
2020/5/21,37,20,14.14071661,0,29.3
2020/5/22,28,18,14.14071661,4.6,28.1
2020/5/23,33,24,14.14071661,6.8,27.8
2020/5/24,31,19,14.14071661,0,29.2
2020/5/25,35,29,14.14071661,0,30.1
2020/5/26,31,16,14.14071661,2,29.9
2020/5/27,31,14,14.14071661,21.2,27.7
2020/5/28,25,12,14.14071661,0,29.4
2020/5/29,30,14,14.14071661,0,29.4
2020/5/30,35,11,14.14071661,0,28.9
2020/5/31,31,8,14.14071661,0,28.8
2020/6/1,25,18,14.14071661,32.4,26.6
2020/6/2,27,10,14.14071661,0.2,28.5
2020/6/3,20,12,14.14071661,16.6,28.7
2020/6/4,18,11,14.14071661,6,28.3
2020/6/5,22,9,14.14071661,41,27.6
2020/6/6,36,15,14.14071661,4.2,27.6
2020/6/7,30,30,14.14071661,0,29.5
2020/6/8,29,16,14.14071661,8.6,28.8
2020/6/9,26,19,14.14071661,0,29.7
2020/6/10,25,18,14.14071661,13.4,29.4
2020/6/11,26,17,14.14071661,0,28.8
2020/6/12,26,9,14.14071661,0,29.1
2020/6/13,24,17,14.14071661,8.6,26.2
2020/6/14,24,13,14.14071661,1.4,28.1
2020/6/15,18,7,14.14071661,0,29.7
2020/6/16,17,9,14.14071661,0.8,28.4
2020/6/17,20,14,14.14071661,5.4,27.1
2020/6/18,19,14,14.14071661,8.2,27.5
2020/6/19,21,7,14.14071661,2.4,27.7
2020/6/20,21,8,14.14071661,29.8,26.5
2020/6/21,19,10,14.14071661,2,26.6
2020/6/22,22,8,14.14071661,10.2,26.9
2020/6/23,19,8,14.14071661,30.2,26.4
2020/6/24,19,14,14.14071661,3.2,26.7
2020/6/25,26,16,14.14071661,0,28.1
2020/6/26,28,17,14.14071661,0,28.6
2020/6/27,27,12,14.14071661,0,29.3
2020/6/28,27,16,14.14071661,0.8,29.2
2020/6/29,29,18,14.14071661,8.4,28.9
2020/6/30,26,12,14.14071661,0,29
2020/7/1,26,15,14.14071661,0,28.8
2020/7/2,22,14,14.14071661,0,28.9
2020/7/3,22,17,14.14071661,0,29.6
2020/7/4,23,19,14.14071661,2,28.8
2020/7/5,25,15,14.14071661,0,27.9
2020/7/6,25,9,14.14071661,0.2,29
2020/7/7,25,9,14.14071661,0.4,27.9
2020/7/8,24,7,14.14071661,18.8,27.1
2020/7/9,23,15,14.14071661,1.6,26.3
2020/7/10,24,14,14.14071661,0.4,27.2
2020/7/11,25,18,14.14071661,1.6,27.4
2020/7/12,22,14,14.14071661,0.2,28.7
2020/7/13,18,15,14.14071661,10.2,26.2
2020/7/14,19,11,14.14071661,0,27.1
2020/7/15,20,10,14.14071661,3,27.6
2020/7/16,23,15,14.14071661,3.8,28.2
2020/7/17,21,7,14.14071661,0,28.8
2020/7/18,24,15,14.14071661,0.2,27.8
2020/7/19,19,11,14.14071661,0,28.5
2020/7/20,19,17,14.14071661,0,29.1
2020/7/21,21,5,14.14071661,0,28.9
2020/7/22,24,10,14.14071661,30.4,28
2020/7/23,23,8,14.14071661,3.8,27.8
2020/7/24,21,7,14.14071661,7.2,27.8
2020/7/25,23,11,14.14071661,11.6,27.2
2020/7/26,30,8,14.14071661,1.6,27.7
2020/7/27,27,11,14.14071661,22.2,27.3
2020/7/28,28,10,14.14071661,2.4,28.1
2020/7/29,36,14,14.14071661,16.8,26.2
2020/7/30,32,18,14.14071661,0.6,28.2
2020/7/31,32,20,14.14071661,1.8,28.4
2020/8/1,35,23,14.14071661,0,28.5
2020/8/2,32,23,14.14071661,0,28.9
2020/8/3,26,9,14.14071661,0,29.2
2020/8/4,20,12,14.14071661,4.8,27.9
2020/8/5,23,13,14.14071661,0,28.8
2020/8/6,24,16,14.14071661,0,29.2
2020/8/7,26,17,14.14071661,0,29.4
2020/8/8,28,20,14.14071661,0,29.7
2020/8/9,33,17,14.14071661,0,29.6
2020/8/10,35,20,14.14071661,0,29.7
2020/8/11,34,12,14.14071661,0,29.5
2020/8/12,30,14,14.14071661,0,27.9
2020/8/13,22,5,14.14071661,34.6,28.3
2020/8/14,28,14,14.14071661,13.8,25.9
2020/8/15,27,15,14.14071661,0,28
2020/8/16,23,9,14.14071661,0,28
2020/8/17,23,7,14.14071661,5.2,27.4
2020/8/18,28,9,14.14071661,2,27.1
2020/8/19,30,9,14.14071661,1.8,28
2020/8/20,27,19,14.14071661,2.2,28.1
2020/8/21,28,15,14.14071661,0,29.6
2020/8/22,29,4,14.14071661,2,27.9
2020/8/23,26,16,14.14071661,24.4,25.6
2020/8/24,25,8,14.14071661,0,28.1
2020/8/25,22,14,14.14071661,0,27.9
2020/8/26,23,16,14.14071661,4.6,27
2020/8/27,29,17,14.14071661,1.4,27.8
2020/8/28,33,11,14.14071661,0,28.9
2020/8/29,30,14,14.14071661,6.6,27.2
2020/8/30,24,15,14.14071661,0,28.6
2020/8/31,29,12,14.14071661,0,29
2020/9/1,28,12,14.14071661,1.2,28.3
2020/9/2,27,7,14.14071661,0.2,28.6
2020/9/3,23,10,14.14071661,0.8,27.6
2020/9/4,26,4,14.14071661,0,27.6
2020/9/5,22,12,14.14071661,32.8,25.5
2020/9/6,26,16,14.14071661,25.6,26.5
2020/9/7,28,12,14.14071661,0,28.1
2020/9/8,24,11,14.14071661,0,28.4
2020/9/9,27,20,14.14071661,0,28.5
2020/9/10,22,13,14.14071661,0.8,28
2020/9/11,22,6,14.14071661,3.2,27.5
2020/9/12,27,6,14.14071661,7.4,26.3
2020/9/13,28,6,14.14071661,17,25
2020/9/14,29,21,14.14071661,11.4,25.6
2020/9/15,27,14,14.14071661,0,27.7
2020/9/16,26,36,14.14071661,9.6,26.7
2020/9/17,27,29,14.14071661,0,28
2020/9/18,28,30,14.14071661,0,29
2020/9/19,25,30,14.14071661,0,28.6
2020/9/20,23,17,14.14071661,2.6,28.7
2020/9/21,22,23,14.14071661,4.6,26.3
2020/9/22,32,24,14.14071661,0,27.6
2020/9/23,25,27,14.14071661,0,28.6
2020/9/24,28,29,14.14071661,0.2,28.4
2020/9/25,25,13,14.14071661,0.8,28.4
2020/9/26,21,16,14.14071661,25.2,26.2
2020/9/27,25,15,14.14071661,4.2,26.7
2020/9/28,25,7,14.14071661,0,28.3
2020/9/29,25,16,14.14071661,2.6,27.2
2020/9/30,25,13,14.14071661,0,28.1
2020/10/1,26,17,14.14071661,0.6,27.1
2020/10/2,27,15,14.14071661,0,27.8
2020/10/3,22,24,14.14071661,4.2,27.8
2020/10/4,33,25,14.14071661,0,28.6
2020/10/5,31,23,14.14071661,0,29
2020/10/6,27,23,14.14071661,0,28.6
2020/10/7,21,16,14.14071661,3.8,28.7
2020/10/8,21,14,14.14071661,4.2,27.9
2020/10/9,23,12,14.14071661,0,27.9
2020/10/10,23,16,14.14071661,19,27.5
2020/10/11,18,16,14.14071661,0,27.8
2020/10/12,24,25,14.14071661,0,28.5
2020/10/13,31,21,14.14071661,0,29
2020/10/14,29,28,14.14071661,2.6,28.9
2020/10/15,30,21,14.14071661,2,28.4
2020/10/16,33,18,14.14071661,0.6,29
2020/10/17,31,17,14.14071661,0,29.7
2020/10/18,25,38,14.14071661,1.2,28.2
2020/10/19,27,12,14.14071661,0,28.8
2020/10/20,36,30,14.14071661,0,27.9
2020/10/21,29,16,14.14071661,4.4,28.5
2020/10/22,24,19,14.14071661,3,27.7
2020/10/23,31,15,14.14071661,0,28.7
2020/10/24,26,13,14.14071661,0.4,27.8
2020/10/25,24,10,14.14071661,14,28.4
2020/10/26,27,17,14.14071661,1.2,27.1
2020/10/27,30,3,14.14071661,0,29.6
2020/10/28,29,12,14.14071661,8,27.7
2020/10/29,27,13,14.14071661,0,28.3
2020/10/30,27,24,14.14071661,0,28.5
2020/10/31,28,21,14.14071661,9.6,27.7
2020/11/1,24,19,14.14071661,0,27.9
2020/11/2,25,13,14.14071661,48.2,26.7
2020/11/3,25,5,14.14071661,0,27.6
2020/11/4,27,43,14.14071661,64.2,25.4
2020/11/5,27,18,14.14071661,0,28
2020/11/6,23,7,14.14071661,0,28.7
2020/11/7,26,14,14.14071661,5.2,26
2020/11/8,27,17,14.14071661,0.2,26.7
2020/11/9,29,14,14.14071661,3.8,26.7
2020/11/10,38,19,14.14071661,10.8,26.6
2020/11/11,26,23,14.14071661,0,28.3
2020/11/12,26,23,14.14071661,0,29.3
2020/11/13,27,19,14.14071661,0,29.1
2020/11/14,26,15,14.14071661,4.6,28
2020/11/15,21,18,14.14071661,19.2,27.4
2020/11/16,24,12,14.14071661,8.6,27.6
2020/11/17,30,28,14.14071661,0.8,27.3
2020/11/18,30,16,14.14071661,0,28.5
2020/11/19,25,15,14.14071661,0.8,27.3
2020/11/20,27,2,14.14071661,0.2,27.9
2020/11/21,20,10,14.14071661,7.6,26.7
2020/11/22,20,6,14.14071661,17.4,26.2
2020/11/23,24,6,14.14071661,7.4,26.1
2020/11/24,26,12,14.14071661,0.2,26.1
2020/11/25,24,5,14.14071661,0,26.6
2020/11/26,25,16,14.14071661,5.4,26.2
2020/11/27,26,10,14.14071661,0,27.2
2020/11/28,25,23,14.14071661,4.2,26.5
2020/11/29,26,13,14.14071661,0,27.6
2020/11/30,31,17,14.14071661,11.8,27.2
2020/12/1,29,17,14.14071661,0.2,28.6
2020/12/2,27,19,14.14071661,4.6,27.6
2020/12/3,23,13,14.14071661,17.6,26.7
2020/12/4,22,22,14.14071661,0.4,26.6
2020/12/5,28,25,14.14071661,0,26.8
2020/12/6,29,23,14.14071661,0,28
2020/12/7,29,23,14.14071661,9.8,27.8
2020/12/8,23,20,14.14071661,0,28
2020/12/9,26,18,14.14071661,58.2,27.2
2020/12/10,25,22,14.14071661,42.2,26.3
2020/12/11,26,16,14.14071661,0,27.8
2020/12/12,22,26,14.14071661,30,26.2
2020/12/13,27,12,14.14071661,1.8,27
2020/12/14,21,9,14.14071661,20.6,26.4
2020/12/15,22,3,14.14071661,0,27.2
2020/12/16,25,7,14.14071661,12.2,25.9
2020/12/17,25,3,14.14071661,0,26.7
2020/12/18,22,9,14.14071661,19.4,25.5
2020/12/19,22,12,14.14071661,0.6,26.6
2020/12/20,24,17,14.14071661,1.6,26.9
2020/12/21,29,20,14.14071661,0,27.3
2020/12/22,32,30,14.14071661,0,28
2020/12/23,29,15,14.14071661,5.6,27.6
2020/12/24,32,31,14.14071661,7.6,26.8
2020/12/25,26,15,14.14071661,14.2,28
2020/12/26,23,12,14.14071661,1.2,27.5
2020/12/27,24,9,14.14071661,2.2,27.2
